hospcode,hospital_name
10868,โรงพยาบาลวังน้ำเย็น
10869,โรงพยาบาลชุมชน โรงพยาบาลวัฒนานคร
10870,รพท. อรัญประเทศ
10871,รพช. โรงพยาบาลครบุรี
10872,รพช. เสิงสาง
10873,โรงพยาบาลชุมชน โรงพยาบาลคง
10874,โรงพยาบาล บ้านเหลื่อม
10875,รพช. จักราช
10876,รพช. โชคชัย
10877,โรงพยาบาลด่านขุนทด
10878,รพช. โนนไทย
10879,รพช. โนนสูง
10880,รพช. ขามสะแกแสง
10881,โรงพยาบาลชุมชน โรงพยาบาลบัวใหญ่
10882,รพช. ประทาย
10883,ปักธงชัย
10884,โรงพยาบาลพิมาย
10885,โรงพยาบาลห้วยแถลง
10886,โรงพยาบาลชุมพวง
10887,โรงพยาบาลสูงเนิน
10888,รพช. ขามทะเลสอ
10889,โรงพยาบาลสีคิ้ว
10890,โรงพยาบาลปากช่องนานา
10891,รพช. หนองบุญมาก
10892,โรงพยาบาลชุมชน โรงพยาบาลแก้งสนามนาง
10893,โรงพยาบาลชุมชน โรงพยาบาลโนนแดง
10894,โรงพยาบาลวังน้ำเขียว
10895,รพ.คูเมือง
10896,โรงพยาบาลชุมชนโรงพยาบาลกระสัง
10897,รพท.นางรอง
10898,รพช. หนองกี่
10899,โรงพยาบาลละหานทราย
10900,โรงพยาบาลชุมชน โรงพยาบาลประโคนชัย
10901,โรงพยาบาลบ้านกรวด
10902,โรงพยาบาลชุมชนโรงพยาบาลพุทไธสง
10904,โรงพยาบาลชุมชน โรงพยาบาลลำปลายมาศ
10905,สตึก
10906,โรงพยาบาลชุมชน โรงพยาบาลปะคำ
10907,โรงพยาบาลนาโพธิ์
10908,รพช. หนองหงส์
10909,รพช. พลับพลาชัย
10910,โรงพยาบาลห้วยราช
10911,รพช. โนนสุวรรณ
10912,ชำนิ
10913,รพช. บ้านใหม่ไชยพจน์
10914,โรงพยาบาลโนนดินแดง
10915,รพช. ชุมพลบุรี
10916,รพช. ท่าตูม
10917,รพช. จอมพระ
10918,รพท.ปราสาท
10919,โรงพยาบาลกาบเชิง
10921,รพช. สนม
10920,รพช. รัตนบุรี
10922,รพช. ศีขรภูมิ
10923,รพช. สังขะ
10924,ลำดวน
10925,รพช. สำโรงทาบ
10926,รพช. บัวเชด
10927,"ยางชุมน้อย,รพช."
10928,"กันทรารมย์,รพช."
10930,โรงพยาบาลขุขันธ์
10929,"กันทรลักษ์,รพช."
10931,"ไพรบึง ,รพช."
10932,"ปรางค์กู่,รพช."
10933,"ขุนหาญ,รพช."
10934,"ราษีไศล,รพช."
10935,"อุทุมพรพิสัย,รพช."
10936,"บึงบูรพ์,รพช."
10937,"ห้วยทับทัน,รพช."
10938,"โนนคูณ,รพช."
10940,"วังหิน,รพช."
10939,"ศรีรัตนะ,รพช."
10941,"น้ำเกลี้ยง,รพช."
10942,"ภูสิงห์,รพช."
10943,"เมืองจันทร์,รพช."
10944,ศรีเมืองใหม่
10945,โขงเจียม
10946,เขื่องใน
10947,เขมราฐ
10948,โรงพยาบาลนาจะหลวย
10949,น้ำยืน
10950,บุณฑริก
10951,ตระการพืชผล
10952,กุดข้าวปุ้น
10953,"ม่วงสามสิบ, รพ."
10954,วารินชำราบ
10956,พิบูลมังสาหาร
10957,ตาลสุม
10958,โพธิ์ไทร
10959,สำโรง
10960,ดอนมดแดง
10961,สิรินธร
10962,ทุ่งศรีอุดม
10964,โรงพยาบาลกุดชุม
10965,โรงพยาบาลคำเขื่อนแก้ว
10963,โรงพยาบาลทรายมูล
10966,โรงพยาบาลป่าติ้ว
10967,โรงพยาบาลมหาชนะชัย
10968,รพ.ค้อวัง
10969,โรงพยาบาลไทยเจริญ
10970,รพช. บ้านเขว้า
10971,รพ.คอนสวรรค์
10972,โรงพยาบาลเกษตรสมบูรณ์
10973,โรงพยาบาลหนองบัวแดง
10974,รพ.จัตุรัส
10975,รพช.โรงพยาบาลบำเหน็จณรงค์
10976,โรงพยาบาลหนองบัวระเหว
10978,โรงพยาบาลภูเขียวเฉลิมพระเกียรติ
10977,รพช.เทพสถิต
10979,รพช. บ้านแท่น
10980,รพช. แก้งคร้อ
10981,โรงพยาบาลคอนสาร
10982,รพช.โรงพยาบาลภักดีชุมพล
10983,โรงพยาบาลเนินสง่า
10985,รพช. ชานุมาน
10986,รพช. ปทุมราชวงศา
10987,โรงพยาบาลพนา
10988,โรงพยาบาลเสนางคนิคม
10989,รพช. หัวตะพาน
10990,โรงพยาบาลลืออำนาจ
10991,โรงพยาบาลนากลาง
10992,โรงพยาบาลโนนสัง
10993,รพช. ศรีบุญเรือง
10994,รพช. สุวรรณคูหา
10995,โรงพยาบาลบ้านฝาง
10996,โรงพยาบาลพระยืน
10997,รพช. หนองเรือ
10998,โรงพยาบาลชุมแพ
10999,โรงพยาบาลสีชมพู
11000,รพ.น้ำพอง จุดฉีด ศาลาวัดบ้านห้วยเสือเต้น ม.3 ต.น้ำพอง
11001,โรงพยาบาลอุบลรัตน์
11002,โรงพยาบาลบ้านไผ่
11003,โรงพยาบาลเปือยน้อย
11004,โรงพยาบาลพล
11005,โรงพยาบาลแวงใหญ่
11006,โรงพยาบาลแวงน้อย
11007,โรงพยาบาลหนองสองห้อง
11008,โรงพยาบาลภูเวียง
11009,โรงพยาบาลมัญจาคีรี
11010,รพช. ชนบท
11011,รพ.เขาสวนกวาง
11012,ภูผาม่าน
11013,รพช. กุดจับ
11014,รพช. หนองวัวซอ
11015,โรงพยาบาลทั่วไป โรงพยาบาลกุมภวาปี
11016,โรงพยาบาลห้วยเกิ้ง
11017,โรงพยาบาลโนนสะอาด
11018,โรงพยาบาลหนองหาน
11019,โรงพยาบาลชุมชน โรงพยาบาลทุ่งฝน
11023,บ้านผือ
11021,รพช. ศรีธาตุ
11020,โรงพยาบาลไชยวาน
11022,รพช. วังสามหมอ
11024,โรงพยาบาลน้ำโสม
11025,โรงพยาบาลเพ็ญ
11026,รพช. สร้างคอม
11027,รพช. หนองแสง
11033,โรงพยาบาลนาแห้ว
11032,รพช. ปากชม
11028,โรงพยาบาลนายูง
11040,รพท. บึงกาฬ
11031,โรงพยาบาลเชียงคาน
11035,รพช. ท่าลี่
11041,รพช.พรเจริญ
11036,รพช. วังสะพุง
11029,รพช. พิบูลย์รักษ์
11039,โรงพยาบาลผาขาว
11038,โรงพยาบาลภูหลวง
11037,โรงพยาบาลภูกระดึง
11030,โรงพยาบาลนาด้วง
11034,โรงพยาบาลภูเรือ
11042,โรงพยาบาลโพนพิสัย
11043,โรงพยาบาลโซ่พิสัย
11044,รพช. ศรีเชียงใหม่
11045,โรงพยาบาลสังคม
11046,รพ.เซกา
11047,โรงพยาบาลปากคาด
11048,โรงพยาบาลบึงโขงหลง
11050,รพช. บุ่งคล้า
11049,โรงพยาบาลศรีวิไล
11051,โรงพยาบาลแกดำ
11052,รพ.โกสุมพิสัย
11054,รพ.เชียงยืน
11053,โรงพยาบาลกันทรวิชัย
11055,รพ.บรบือ
11056,โรงพยาบาลนาเชือก(เขต 07)
11057,โรงพยาบาลพยัคฆภูมิพิสัย
11058,โรงพยาบาลวาปีปทุม
11059,โรงพยาบาลนาดูน
11060,โรงพยาบาลยางสีสุราช
11061,รพ.เกษตรวิสัย
11062,โรงพยาบาลปทุมรัตต์
11063,รพ.จตุรพักตรพิมาน
11064,รพ.ธวัชบุรี
11065,โรงพยาบาลพนมไพร
11066,โรงพยาบาลโพนทอง
11067,โรงพยาบาลโพธิ์ชัย
11068,โรงพยาบาลหนองพอก
11071,เมืองสรวง
11075,โรงพยาบาลศรีสมเด็จ
11073,โรงพยาบาลชุมชน โรงพยาบาลอาจสามารถ
11070,รพ.สุวรรณภูมิ
11072,รพ.โพนทราย
11069,โรงพยาบาลเสลภูมิ
11074,รพ.เมยวดี
11076,รพ.จังหาร
11077,โรงพยาบาลนามน
11078,โรงพยาบาลกมลาไสย
11079,โรงพยาบาลร่องคำ
11080,โรงพยาบาลเขาวง
11081,โรงพยาบาลยางตลาด
11083,โรงพยาบาลสหัสขันธ์
11082,โรงพยาบาลห้วยเม็ก
11084,โรงพยาบาลคำม่วง
11085,โรงพยาบาลท่าคันโท
11086,โรงพยาบาลหนองกุงศรี
11087,รพช. สมเด็จ
11088,โรงพยาบาลห้วยผึ้ง
11089,โรงพยาบาลกุสุมาลย์
11090,โรงพยาบาลกุดบาก
11091,โรงพยาบาลพระอาจารย์ฝั้นอาจาโร
11092,โรงพยาบาลพังโคน
11093,รพช. วาริชภูมิ
11094,โรงพยาบาลนิคมน้ำอูน
11095,รพช. วานรนิวาส
11096,โรงพยาบาลชุมชนโรงพยาบาลคำตากล้า
11097,โรงพยาบาลบ้านม่วง
11098,โรงพยาบาลอากาศอำนวย
11099,โรงพยาบาลส่องดาว
11100,โรงพยาบาลเต่างอย
11101,โรงพยาบาลโคกศรีสุพรรณ
11102,โรงพยาบาลเจริญศิลป์
11103,โรงพยาบาลโพนนาแก้ว
11104,โรงพยาบาลปลาปาก
11105,รพ.ท่าอุเทน
11106,โรงพยาบาลบ้านแพง
11107,รพ.นาทม
11108,รพช. เรณูนคร
11109,โรงพยาบาลนาแก
11110,โรงพยาบาลศรีสงคราม
11111,โรงพยาบาลนาหว้า
11112,โรงพยาบาลโพนสวรรค์
11113,โรงพยาบาลนิคมคำสร้อย
11114,โรงพยาบาลดอนตาล
11115,โรงพยาบาลดงหลวง
11116,โรงพยาบาลคำชะอี
11117,โรงพยาบาลหว้านใหญ่
11118,โรงพยาบาลหนองสูง
11119,โรงพยาบาลจอมทอง
11120,โรงพยาบาลชุมชน โรงพยาบาลเทพรัตนเวชชานุกูล เฉลิมพระ
11121,โรงพยาบาลเชียงดาว
11122,โรงพยาบาลดอยสะเก็ด
11123,โรงพยาบาลแม่แตง
11124,สะเมิง
11125,โรงพยาบาลฝาง
11126,โรงพยาบาลแม่อาย
11127,พร้าว
11128,โรงพยาบาลสันป่าตอง
11129,โรงพยาบาลสันกำแพง
11130,เซ็นทรัลเฟส
11131,โรงพยาบาลหางดง
11132,ศูนย์ประชุมนานาชาติ
11133,โรงพยาบาลดอยเต่า
11134,โรงพยาบาลอมก๋อย
11135,โรงพยาบาลสารภี
11136,โรงพยาบาลเวียงแหง
11137,โรงพยาบาลไชยปราการ
11139,โรงพยาบาลแม่ออน
11140,โรงพยาบาล แม่ทา
11138,โรงพยาบาลแม่วาง
11141,บ้านโฮ่ง
11142,โรงพยาบาลลี้
11143,โรงพยาบาลทุ่งหัวช้าง
11144,โรงพยาบาลป่าซาง
11145,โรงพยาบาล บ้านธิ
11146,โรงพยาบาลแม่เมาะ
11147,โรงพยาบาลเกาะคา
11148,โรงพยาบาลเสริมงาม
11149,โรงพยาบาล งาว
11150,โรงพยาบาลแจ้ห่ม
11151,โรงพยาบาล วังเหนือ
11152,รพช. เถิน
11153,โรงพยาบาล แม่พริก
11154,โรงพยาบาลแม่ทะ
11155,โรงพยาบาลสบปราบ
11156,โรงพยาบาลห้างฉัตร
11157,รพ.เมืองปาน
11158,โรงพยาบาลตรอน
11159,โรงพยาบาลท่าปลา
11160,โรงพยาบาลน้ำปาด
11161,โรงพยาบาลฟากท่า
11162,โรงพยาบาลบ้านโคก
11164,โรงพยาบาลลับแล
11163,โรงพยาบาลพิชัย
11165,โรงพยาบาลทองแสนขัน
11166,โรงพยาบาล ร้องกวาง
11167,รพ. ลอง
11169,โรงพยาบาลสูงเม่น
11170,โรงพยาบาลสอง
11171,โรงพยาบาล วังชิ้น
11172,โรงพยาบาลหนองม่วงไข่
11173,โรงพยาบาลแม่จริม
11174,โรงพยาบาลบ้านหลวง
11175,โรงพยาบาลนาน้อย
11177,รพช. เวียงสา
11176,โรงพยาบาลท่าวังผา
11178,โรงพยาบาลทุ่งช้าง
11180,โรงพยาบาลนาหมื่น
11179,รพช. เชียงกลาง
11181,โรงพยาบาลสันติสุข
11182,รพช. บ่อเกลือ
11183,โรงพยาบาลสองแคว
11184,โรงพยาบาลจุน
11185,โรงพยาบาล เชียงม่วน
11189,โรงพยาบาลเทิง
11188,โรงพยาบาล แม่ใจ
11187,โรงพยาบาลปง
11186,โรงพยาบาล ดอกคำใต้
11190,โรงพยาบาล พาน
11191,รพช.ป่าแดด
11193,โรงพยาบาลเชียงแสน
11192,โรงพยาบาลแม่จัน
11194,โรงพยาบาลแม่สาย
11195,โรงพยาบาลแม่สรวย
11196,โรงพยาบาล เวียงป่าเป้า
11197,รพช. พญาเม็งราย
11198,โรงพยาบาลเวียงแก่น
11199,รพช. ขุนตาล
11200,โรงพยาบาลแม่ฟ้าหลวง
11201,โรงพยาบาลแม่ลาว
11202,รพช.เวียงเชียงรุ้ง
11203,โรงพยาบาลขุนยวม
11204,รพช.ปาย
11205,แม่สะเรียง
11206,โรงพยาบาลแม่ลาน้อย
11207,โรงพยาบาลสบเมย
11208,ปางมะผ้า
11209,โรงพยาบาลโกรกพระ
11210,โรงพยาบาลชุมแสง
11211,รพช.หนองบัว
11212,รพช.บรรพตพิสัย
11213,รพช. เก้าเลี้ยว
11214,รพช. ตาคลี
11215,รพช. ท่าตะโก
11216,รพช.โรงพยาบาลไพศาลี
11217,รพช. พยุหะคีรี
11218,โรงพยาบาลลาดยาว
11219,รพช. ตากฟ้า
11220,โรงพยาบาลแม่วงก์ - 15134 โรงพยาบาลส่งเสริมสุขภาพตำบลบ้านหนองไม้
11221,รพช. ทัพทัน
11222,รพช. สว่างอารมณ์
11223,โรงพยาบาลหนองฉาง
11224,รพช. หนองขาหย่าง
11225,รพช.บ้านไร่
11226,โรงพยาบาล ลานสัก
11227,โรงพยาบาลห้วยคต
11241,โรงพยาบาลท่าสองยาง
11228,โรงพยาบาลทุ่งโพธิ์ทะเล
11235,รพช. ทรายทองวัฒนา
11230,โรงพยาบาลคลองลาน
11232,โรงพยาบาลคลองขลุง
11238,โรงพยาบาลบ้านตาก
11239,รพช. สามเงา
11242,โรงพยาบาลพบพระ
11231,รพช. ขาณุวรลักษบุรี
11244,โรงพยาบาลบ้านด่านลานหอย
11245,โรงพยาบาลชุมชน รพ.คีรีมาศ
11233,โรงพยาบาลพรานกระต่าย
11234,โรงพยาบาลลานกระบือ
11229,โรงพยาบาลไทรงาม
11236,โรงพยาบาลปางศิลาทอง
11240,โรงพยาบาลแม่ระมาด
11243,โรงพยาบาลอุ้มผาง
11246,โรงพยาบาลกงไกรลาศ
11247,โรงพยาบาลศรีสัชนาลัย
11248,โรงพยาบาลสวรรคโลก
11249,โรงพยาบาลศรีนคร
11250,โรงพยาบาลทุ่งเสลี่ยม
11251,โรงพยาบาลชาติตระการ
11253,รพช. บางกระทุ่ม
11258,โรงพยาบาลวังทรายพูน
11252,รพช. บางระกำ
11254,รพช. พรหมพิราม
11255,โรงพยาบาลวัดโบสถ์
11261,รพ.โพทะเล
11263,โรงพยาบาลทับคล้อ
11264,รพช. ชนแดน
11262,รพช. สามง่าม
11257,โรงพยาบาลชุมชน โรงพยาบาลเนินมะปราง
11256,โรงพยาบาลชุมชน โรงพยาบาลวังทอง
11259,รพ.โพธิ์ประทับช้าง
11260,โรงพยาบาลบางมูลนาก
11265,โรงพยาบาลหล่มสัก
11266,รพ.วิเชียรบุรี
11268,โรงพยาบาลชุมชน โรงพยาบาลหนองไผ่
11269,รพช. บึงสามพัน
11272,รพช.เขาค้อ
11271,รพช. วังโป่ง
11270,โรงพยาบาลน้ำหนาว
11267,รพ.ศรีเทพ
11273,รพช. สวนผึ้ง
11274,โรงพยาบาลบางแพ
11275,โรงพยาบาลเจ็ดเสมียน
11276,โรงพยาบาลปากท่อ
11277,โรงพยาบาลวัดเพลง
11278,รพช. ไทรโยค
11279,รพช. สมเด็จพระปิยมหาราชรมณียเขต
11281,ท่ากระดาน
11280,โรงพยาบาลบ่อพลอย
11282,โรงพยาบาลสมเด็จพระสังฆราชองค์ที่ ๑๙
11283,โรงพยาบาลทองผาภูมิ
11284,รพช. สังขละบุรี
11285,โรงพยาบาลเจ้าคุณไพบูลย์พนมทวน
11286,โรงพยาบาลเลาขวัญ
11287,โรงพยาบาลด่านมะขามเตี้ย
11288,รพช. พยาบาลสถานพระบารมี
11289,โรงพยาบาลเดิมบางนางบวช
11291,โรงพยาบาลบางปลาม้า
11290,โรงพยาบาลด่านช้าง
11292,รพช. ศรีประจันต์
11293,โรงพยาบาลดอนเจดีย์
11294,โรงพยาบาลชุมชนโรงพยาบาลสามชุก
11295,โรงพยาบาลอู่ทอง
11296,โรงพยาบาลหนองหญ้าไซ
11297,โรงพยาบาลกำแพงแสน
11298,รพช. นครชัยศรี
11299,โรงพยาบาลห้วยพลู
11300,รพช. ดอนตูม
11301,รพช. บางเลน
11302,รพ.สามพราน
11303,รพช. พุทธมณฑล
11304,โรงพยาบาลกระทุ่มแบน
11305,โรงพยาบาลบ้านแพ้ว (องค์การมหาชน)
11306,โรงพยาบาลนภาลัย
11307,รพ. อัมพวา หมู่ที่ 07
11308,รพช. เขาย้อย
11309,โรงพยาบาลหนองหญ้าปล้อง
11310,โรงพยาบาลชะอำ
11311,โรงพยาบาลท่ายาง  จังหวัดเพชรบุรี
11312,รพช. บ้านลาด
11313,รพช. บ้านแหลม
11314,โรงพยาบาลแก่งกระจาน
11315,โรงพยาบาลกุยบุรี
11316,โรงพยาบาล ทับสะแก
11317,โรงพยาบาลบางสะพาน
11318,รพช. บางสะพานน้อย
11318A,โรงพยาบาลบางสะพานน้อย โรงพยาบาลบางสะพานน้อย(โรงยิมสนามกีฬาอำเภอบางสะพานน้อย)
11319,โรงพยาบาลปราณบุรี
11320,โรงพยาบาลหัวหิน
11321,โรงพยาบาลสามร้อยยอด
11322,รพช. พรหมคีรี
11323,โรงพยาบาลละอุ่น
11324,โรงพยาบาลลานสะกา
11326,โรงพยาบาลพิปูน
11325,รพร.ฉวาง
11327,โรงพยาบาลเชียรใหญ่
11328,รพช. ชะอวด
11329,รพช. ท่าศาลา
11330,โรงพยาบาลทุ่งสง
11331,โรงพยาบาลชุมชน โรงพยาบาลนาบอน
11332,รพช. ทุ่งใหญ่
11333,รพช. ปากพนัง
11334,รพช. ร่อนพิบูลย์
11335,โรงพยาบาลสิชล
11336,โรงพยาบาลขนอม
11337,โรงพยาบาลหัวไทร
11338,รพช. บางขัน
11339,โรงพยาบาลชุมชน โรงพยาบาลถ้ำพรรณรา
11340,โรงพยาบาลเขาพนม
11341,รพช. เกาะลันตา
11342,โรงพยาบาลคลองท่อม
11343,โรงพยาบาลอ่าวลึก
11344,โรงพยาบาลปลายพระยา
11345,โรงพยาบาลลำทับ
11346,โรงพยาบาลเหนือคลอง
11347,รพช. เกาะยาวชัยพัฒน์
11348,โรงพยาบาลกะปงชัยพัฒน์
11349,ตะกั่วทุ่ง
11350,โรงพยาบาลบางไทร
11352,โรงพยาบาลคุระบุรีชัยพัฒน์
11353,โรงพยาบาลชุมชน โรงพยาบาลทับปุด
11354,โรงพยาบาลท้ายเหมืองชัยพัฒน์
11355,โรงพยาบาลป่าตอง
11356,โรงพยาบาล ถลาง
11357,โรงพยาบาลกาญจนดิษฐ์
11358,รพ. ดอนสัก
11359,รพช. เกาะพะงัน
11360,รพ. ไชยา
11361,โรงพยาบาลท่าชนะ
11362,รพช. คีรีรัฐนิคม
11363,โรงพยาบาลบ้านตาขุน
11364,รพช. โรงพยาบาลพนม
11365,โรงพยาบาลท่าฉาง
11366,โรงพยาบาลบ้านนาสาร
11367,รพช. บ้านนาเดิม
11368,รพช. เคียนซา
11369,โรงพยาบาลพระแสง
11372,โรงพยาบาลกะเปอร์
11373,โรงพยาบาลกระบุรี
11370,โรงพยาบาลพุนพิน
11371,โรงพยาบาลชุมชน โรงพยาบาลชัยบุรี
11374,โรงพยาบาลสุขสำราญ จ.ระนอง
11375,โรงพยาบาลปากน้ำชุมพร
11376,โรงพยาบาลท่าแซะ
11377,โรงพยาบาลปะทิว
11378,รพช. มาบอำมฤต
11379,โรงพยาบาลหลังสวน
11380,โรงพยาบาลปากน้ำหลังสวน
11381,โรงพยาบาลละแม
11382,โรงพยาบาลพะโต๊ะ
11383,โรงพยาบาลสวี
11385,โรงพยาบาลทุ่งตะโก
11386,รพช. สทิงพระ
11387,โรงพยาบาลจะนะ
11388,รพช. สมเด็จพระบรมราชินีนาถ ณ อ.นาทวี
11390,รพช. เทพา
11391,รพช. สะบ้าย้อย
11392,รพช. ระโนด
11393,รพช. กระแสสินธุ์
11394,รพช. รัตภูมิ
11395,โรงพยาบาลสะเดา
11396,รพช. นาหม่อม
11397,รพช. ควนเนียง
11398,รพช. ปาดังเบซาร์
11399,รพช. บางกล่ำ
11400,รพช. สิงหนคร
11401,รพช. คลองหอยโข่ง
11403,รพช.ควนกาหลง
11402,โรงพยาบาลควนโดน
11404,โรงพยาบาลท่าแพ
11405,รพช. ละงู
11406,รพช. ทุ่งหว้า
11407,โรงพยาบาลกันตัง
11408,รพช. ย่านตาขาว
11409,รพช. ปะเหลียน
11410,รพช. สิเกา
11411,โรงพยาบาลห้วยยอด
11412,วังวิเศษ
11413,รพช. นาโยง
11414,รพช. กงหรา
11415,รพ.เขาชัยสน
11416,โรงพยาบาลตะโหมด
11417,โรงพยาบาลควนขนุน
11420,โรงพยาบาล ป่าบอน
11421,โรงพยาบาลบางแก้ว
11423,รพช. โคกโพธิ์
11424,โรงพยาบาลหนองจิก
11427,รพช. ทุ่งยางแดง
11425,รพช. ปะนาเระ
11426,รพช. มายอ
11422,โรงพยาบาลป่าพะยอม
11418,รพช. ปากพะยูน
11428,รพช. ไม้แก่น
11419,โรงพยาบาลศรีบรรพต
11429,โรงพยาบาลยะหริ่ง
11435,โรงพยาบาลตากใบ
11431,รพช.แม่ลาน
11432,รพช.บันนังสตา
11433,โรงพยาบาลชุมชน โรงพยาบาลธารโต
11430,โรงพยาบาลยะรัง
11434,รามัน
11436,รพช. บาเจาะ
11437,โรงพยาบาลระแงะ
11438,รพช. รือเสาะ
11447,ด่านซ้าย
11441,โรงพยาบาลชุมชนโรงพยาบาลสุคิริน
11442,โรงพยาบาลสุไหงปาดี
11439,โรงพยาบาลศรีสาคร
11444,โรงพยาบาลสมเด็จพระยุพราชเลิงนกทา
11448,โรงพยาบาลสมเด็จพระยุพราชท่าบ่อ
11443,โรงพยาบาลสมเด็จพระยุพราชเดชอุดม
11440,โรงพยาบาลแว้ง
11445,รพร.กระนวน
11446,โรงพยาบาลสมเด็จพระยุพราชบ้านดุง
11451,โรงพยาบาลสมเด็จพระยุพราชธาตุพนม
11449,โรงพยาบาลสมเด็จพระยุพราชกุฉินารายณ์
11450,โรงพยาบาลสมเด็จพระยุพราชสว่างแดนดิน
11455,โรงพยาบาลสมเด็จพระยุพราชนครไทย
11454,โรงพยาบาลสมเด็จพระยุพราชเชียงของ
11452,โรงพยาบาลสมเด็จพระยุพราชเด่นชัย
11453,โรงพยาบาลสมเด็จพระยุพราชปัว
11461,โรงพยาบาลสมเด็จพระยุพราชยะหา
11458,รพร. จอมบึง
11468,ทัณฑสถานโรงพยาบาลราชทัณฑ์
11456,รพร.ตะพานหิน
11464,รพ. กะพ้อ
11470A,โรงพยาบาลนพรัตนราชธานี หน่วยฉีดวัคซีน-เดอะมอลล์บางกะปิ
11470,รพ.นพรัตนราชธานี
11459,โรงพยาบาลชุมชน โรงพยาบาลสมเด็จพระยุพราชเวียงสระ
11457,โรงพยาบาล สมเด็จพระยุพราชหล่มเก่า
11460,โรงพยาบาลสมเด็จพระยุพราชสายบุรี
11472,โรงพยาบาลราชวิถี
11469,เลิดสิน รพ.
11471,โรงพยาบาลสงฆ์
11473,รพ.เมตตาประชารักษ์ (วัดไร่ขิง)
11475,โรงพยาบาลค่ายรามราชนิเวศน์
11477,โรงพยาบาลทหารผ่านศึก
11485,โรงพยาบาลค่ายอดิศร
11478,โรงพยาบาลสมเด็จพระปิ่นเกล้า
11482,โรงพยาบาลภูมิพลอดุลยเดช พอ.
11481,โรงพยาบาลพระมงกุฎเกล้า
11479,โรงพยาบาล ทหารเรือกรุงเทพ
11490,โรงพยาบาลค่ายจักรพงษ์
11476,กองพยาบาลโรงเรียนเตรียมทหาร
11487,โรงพยาบาลอาภากรเกียรติวงศ์
11484,โรงพยาบาลอานันทมหิดล
11486,โรงพยาบาลค่ายนวมินทราชินี
11494,โรงพยาบาล ค่ายวีรวัฒน์โยธิน
11496,โรงพยาบาลค่ายสรรพสิทธิประสงค์
11492,โรงพยาบาลค่ายสุรนารี นครราชสีมา
11491,โรงพยาบาลรร.นายร้อยพระจุลจอมเกล้า
11495,โรงพยาบาลกองบิน 21
11493,โรงพยาบาลค่ายสมเด็จเจ้าพระยามหากษัตริย์ศึก
11497,โรงพยาบาลค่ายศรีพัชรินทร
11504,โรงพยาบาลค่ายสมเด็จพระพุทธยอดฟ้าจุฬาโลกมหาราช
11501,โรงพยาบาลค่ายประจักษ์ศิลปาคม
11505,โรงพยาบาล ค่ายกฤษณ์สีวะรา
11507,โรงพยาบาลกองบิน 41
11502,โรงพยาบาลค่ายศรีสองรัก
11510,โรงพยาบาลค่ายสุริยพงษ์
11499,โรงพยาบาลกองบิน 23
11500,โรงพยาบาลกองบิน 5
11506,โรงพยาบาล ค่ายพระยอดเมืองขวาง
11508,โรงพยาบาลค่ายกาวิละ เชียงใหม่
11509,โรงพยาบาลค่ายพิชัยดาบหัก
11512,โรงพยาบาลค่ายสุรศักดิ์มนตรี
11513,โรงพยาบาล ค่ายจิรประวัติ
11516,โรงพยาบาลค่ายวชิรปราการ
11517,โรงพยาบาล ค่ายสมเด็จพระนเรศวรมหาราช
11520,โรงพยาบาลค่ายสุรสีห์
11518,โรงพยาบาลกองบิน 46
11519,โรงพยาบาลค่ายภาณุรังษี
11514,โรงพยาบาลกองบิน 4 กองพลบินที่ 3
11521,โรงพยาบาลจันทรุเบกษา
11522,โรงพยาบาลค่ายธนะรัชต์
11527,โรงพยาบาล ค่ายเสนาณรงค์
11525,โรงพยาบาลค่ายเขตอุดมศักดิ์
11523,โรงพยาบาลค่ายวชิราวุธ
11528,โรงพยาบาลกองบิน 56
11529,โรงพยาบาล ค่ายอิงคยุทธบริหาร
11539,โรงพยาบาลตากสิน
11531,โรงพยาบาลการไฟฟ้านครหลวง
11532,โรงพยาบาลสวนเบญจกิติเฉลิมพระเกียรติ84พรรษา
11535,คณะแพทยศาสตร์วชิรพยาบาล มหาวิทยาลัยนวมินทราธิราช
11537,โรงพยาบาลกลาง
11534,โรงพยาบาลบุรฉัตรไชยากร(รถไฟ)
11536,โรงพยาบาลเวชการุณย์รัศมิ์
11538,โรงพยาบาลลาดกระบังกรุงเทพมหานคร
11540,โรงพยาบาลหลวงพ่อทวีศักดิ์ ชุตินฺธโร อุทิศ
11541,โรงพยาบาลเจริญกรุงประชารักษ์
11543,โรงพยาบาลมิชชั่น กรุงเทพ
11546,โรงพยาบาลบี เอ็น เอช
11548,โรงพยาบาลกรุงเทพคริสเตียน
11558,โรงพยาบาลซีจีเอช
11564,โรงพยาบาลเวชธานี
11552,โรงพยาบาลมเหสักข์
11560,รพ.เปาโลเกษตร
11559,สถานพยาบาลชินเขตงามวงศ์วาน
11565,โรงพยาบาลรามคำแหง
11571,สถานพยาบาลเจตนิน
11581,โรงพยาบาลผู้สูงอายุขนาดกลางกล้วยน้ำไท 2
11597,สถาบันกัลยาณ์ราชนครินทร์
11583,รพ.กล้วยน้ำไท
11592,รพ.บางนา 1
11600,โรงพยาบาลเซนต์หลุยส์
11582,โรงพยาบาลทั่วไปขนาดใหญ่ศิครินทร์
11591,โรงพยาบาลสุขุมวิท
11595,รพ.นวมินทร์ 1
11602,โรงพยาบาลเฉลิมพระเกียรติสมเด็จย่า ๑๐๐ ปี
11603,โรงพยาบาลเทียนฟ้ามูลนิธิโรงพยาบาลทั่วไปขนาดกลาง
11607,โรงพยาบาลเปาโลเมโมเรียล
11608,รพช. ลำทะเมนชัย
11609,โรงพยาบาลพญาไท 2
11614,โรงพยาบาลรัชดา-ท่าพระโรงพยาบาลทั่วไปขนาดเล็ก
11616,โรงพยาบาลสมิติเวชธนบุรี
11619,โรงพยาบาลชุมชน โรงพยาบาลเฉลิมพระเกียรติ
11621,โรงพยาบาลบางไผ่
11626,โรงพยาบาลคลองตัน
11625,โรงพยาบาลเฉลิมพระเกียรติ
11627,โกลเด้นเยียร์สถานพยาบาลผู้ป่วยเรื้อรัง
11628,โรงพยาบาลพระราม 9
11629,"เพชรเวช,รพ."
11631,โรงพยาบาลวชิรบารมี
11630,โรงพยาบาลกรุงเทพ
11632,โรงพยาบาลปิยะเวท
11637,โรงพยาบาลนันอา
11640,โรงพยาบาลธนบุรี 2
11641,โรงพยาบาลทั่วไปขนาดกลางโรงพยาบาลวิชัยเวช แยกไฟฉาย
11643,โรงพยาบาลดอยหล่อ
11644,โรงพยาบาลเจ้าพระยา
11645,โรงพยาบาลทั่วไปขนาดใหญ่ธนบุรี
11647,โรงพยาบาลทั่วไปขนาดใหญ่ พีเอ็มจี
11648,โรงพยาบาลนครธน
11669,โรงพยาบาลราษฏร์บูรณะ
11667,โรงพยาบาลประชาพัฒน์
11656,โรงพยาบาลเกษมราษฎร์ บางแค
11660,โรงพยาบาล จุฬาภรณ์
11661,โรงพยาบาลวิชัยเวช อินเตอร์เนชั่นแนล หนองแขม
11654,โรงพยาบาล วิภาวดี
11668,โรงพยาบาลสุขสวัสดิ์
11670,รพ.บางปะกอก 1
11676,โรงพยาบาล ยันฮี
11677,โรงพยาบาลตา หู คอ จมูก
11694,โรงพยาบาลจักษุรัตนิน
11686,โรงพยาบาลบางโพ
11691,โรงพยาบาลวิภาวดี
11687,โรงพยาบาลเกษมราษฎร์ประชาชื่น
11697,โรงพยาบาลคามิลเลียน
11698,"บางเสร่ บ้านโค้งวันเพ็ญ หมู่ที่11,สอ.ต."
11699,โรงพยาบาลบำรุงราษฎร์
11704,โรงพยาบาลสมิติเวช ศรีนครินทร์โรงพยาบาลทั่วไปขนาดใหญ่
11706,โรงพยาบาลทั่วไปขนาดเล็กบางขุนเทียน 1
11708,โรงพยาบาลบางมดโรงพยาบาลทั่วไปขนาดใหญ่
11703,รพ.แพทย์ปัญญา
11711,สถานพยาบาลศูนย์มะเร็งกรุงเทพ
11715,โรงพยาบาลพญาไท 1
11720,โรงพยาบาลเทพธารินทร์
11721,รพ.เปาโลโชคชัย 4
11722,โรงพยาบาลมงกุฏวัฒนะ
11729,โรงพยาบาลลาดพร้าว
11730,โรงพยาบาลไทยนครินทร์
11734,สถานพยาบาลเวชกรรมบางปะกอก 2
11743,โรงพยาบาลทั่วไปขนาดใหญ่เปาโล สมุทรปราการ
11745,โรงพยาบาลทั่วไปขนาดใหญ่ศิครินทร์ สมุทรปราการ
11747,โรงพยาบาลเปาโล พระประแดงโรงพยาบาลทั่วไปขนาดกลาง
11750,โรงพยาบาลหัวเฉียวโรงพยาบาลทั่วไปขนาดใหญ่
11765,โรงพยาบาลทั่วไปขนาดเล็กจุฬารัตน์1สุวรรณภูมิ
11766,สถานพยาบาลจุฬารัตน์ 5
11758,โรงพยาบาลส่งเสริมสุขภาพตำบลบ้านหนองหลวง ตำบลนิคมน้ำอูน
11761,โรงพยาบาลเมืองสมุทรปากน้ำ
11768,โรงพยาบาลจุฬารัตน์9
11769,โรงพยาบาลเซ็นทรัลปาร์ค
11770M,โรงพยาบาลพริ้นซ์สุวรรณภูมิโรงพยาบาลทั่วไปขนาดใหญ่ ศูนย์การค้าเมกกะบางนา (รพ.พริ้นซ์ สุวรรณภูมิ)
11777,รพ. บางปะกอก 3
11781,รพ.  นนทเวช
11770,โรงพยาบาลพริ้นซ์สุวรรณภูมิโรงพยาบาลทั่วไปขนาดใหญ่
11771,โรงพยาบาลจุฬารัตน์ 3
11772,โรงพยาบาลบางนา2
11775,โรงพยาบาลเมืองสมุทรปู่เจ้าสมิงพราย
11783,โรงพยาบาลทั่วไปขนาดเล็กรัตนาธิเบศร์
11787,รพ.เกษมราษฎร์ อินเตอร์
11789,โรงพยาบาลแพทย์รังสิต
11799,โรงพยาบาลการุญเวช ปทุมธานี
11801,โรงพยาบาลทั่วไปขนาดใหญ่บางปะกอกรังสิต 2
11793,โรงพยาบาลส่งเสริมสุขภาพตำบลทุ่งนางาม
11800,โรงพยาบาล ปทุมเวช
11801A,โรงพยาบาลทั่วไปขนาดใหญ่บางปะกอกรังสิต 2 จุดฉีดวัคซีนนอกโรงพยาบาล หอประชุม 100ปี ธัญบุรี
11802,ศูนย์แพทย์ปฐมภูมิและแพทย์แผนไทยประยุกต์คณะแพทย์ศาสตร์ มหาวิทยาลัยธรรมศาสตร์
11806,โรงพยาบาลราชธานี
11812,โรงพยาบาลเบญจรมย์
11811,โรงพยาบาลสมิติเวช
11828,โรงพยาบาลรวมแพทย์ชัยนาท
11833,โรงพยาบาลเกษมราษฎร์สระบุรี
11835,โรงพยาบาลมิตรภาพเมโมเรียล สระบุรี
11845,โรงพยาบาลจุฬารัตน์ ชลเวชโรงพยาบาลทั่วไปขนาดกลาง
11847,โรงพยาบาลเอกชล
11850,โรงพยาบาลกรุงเทพพัทยาโรงพยาบาลทั่วไปขนาดใหญ่
11851,โรงพยาบาลพัทยาเมโมเรียล
11852,โรงพยาบาลพัทยาอินเตอร์เนชั่นแนลฮอสพิทอล
11853,โรงพยาบาลสมิติเวชศรีราชา
11854,โรงพยาบาลวิภาราม แหลมฉบัง
11855,โรงพยาบาลพญาไทศรีราชา
11864,รพ.จุฬารัตน์ระยอง
11874,โรงพยาบาลสิริเวช
11875,โรงพยาบาลกรุงเทพจันทบุรี
11876,โรงพยาบาลกรุงเทพ-ตราด
11878,จุฬารัตน์11อินเตอร์โรงพยาบาลทั่วไปขนาดใหญ่
11879,โรงพยาบาลเกษมราษฎร์ ฉะเชิงเทรา
11885,โรงพยาบาลเดอะโกลเดนเกท
11888,โรงพยาบาลเซนต์แมรี่
11891,โรงพยาบาลราชสีมาฮอสพิทอล
11897,โรงพยาบาลป.แพทย์
11907,โรงพยาบาลทั่วไปขนาดกลางบุรีรัมย์ ราม
11910,โรงพยาบาลสุรินทร์รวมแพทย์
11908,โรงพยาบาลรวมแพทย์ (หมออนันต์)
11918,โรงพยาบาลเอกชนร่มเกล้า
11919,โรงพยาบาลอุบลรักษ์ธนบุรี
11920,โรงพยาบาลราชเวชอุบลราชธานี
11924,โรงพยาบาล วีระพลการแพทย์
11921,โรงพยาบาลนายแพทย์หาญ
11936,โรงพยาบาลขอนแก่นราม
11939,โรงพยาบาลนอร์ทอีสเทอร์นวัฒนา
11952,โรงพยาบาลเอกอุดร
11956,โรงพยาบาลรวมแพทย์หนองคาย
11955,โรงพยาบาลเมืองเลยราม
11946,โรงพยาบาล นอก สธ.โรงพยาบาลค่ายพ่อขุนผาเมือง
11953,โรงพยาบาลกรุงเทพอุดร
12024,โรงพยาบาลโอเวอร์บรุ๊ค
12033,โรงพยาบาลรวมแพทย์นครสวรรค์
11991,รพ.ราชเวช เชียงใหม่
11964,โรงพยาบาลทั่วไปขนาดใหญ่จุรีเวช
11957,โรงพยาบาลหนองคายวัฒนา
11963,โรงพยาบาลร้อยเอ็ด-ธนบุรี
12063,โรงพยาบาลพิษณุโลกฮอสพิทอลโรงพยาบาลทั่วไปขนาดกลาง
11994,โรงพยาบาลทั่วไปขนาดใหญ่เทพปัญญา
12098,โรงพยาบาลกรุงเทพเมืองราชโรงพยาบาลทั่วไปขนาดใหญ่
11968,โรงพยาบาลรักษ์สกล
11986,โรงพยาบาลทั่วไปขนาดเล็ก
11979,โรงพยาบาลทดสอบ BMS2
12011,โรงพยาบาลแพร่คริสเตียน
11982,โรงพยาบาลทั่วไปขนาดใหญ่ลานนา
12020,โรงพยาบาลพะเยาราม
11992,โรงพยาบาลเทพปัญญา 2 โรงพยาบาลทั่วไปขนาดกลาง
12076,สถานพยาบาลเวชกรรมนครหล่ม
12034,โรงพยาบาลพริ้นซ์ ปากน้ำโพ 2 โรงพยาบาลทั่วไปขนาดใหญ่
11978,โรงพยาบาลดารารัศมี
12071,โรงพยาบาลพิษณุเวช พิจิตร โรงพยาบาลทั่วไปขนาดกลาง
12000,โรงพยาบาลหริภุญชัยเมโมเรียล
11995,โรงพยาบาลทั่วไปขนาดใหญ่เซ็นทรัลเชียงใหม่ เมโมเรียล
12069,โรงพยาบาลพิษณุเวช
12026,โรงพยาบาลเกษมราษฎร์ศรีบุรินทร์
12042,โรงพยาบาลร่มฉัตร
12050,โรงพยาบาลเอกชนเมืองกำแพง
12079,โรงพยาบาลเพชรรัตน์
12097,โรงพยาบาล มหาชัยพร้อมแพทย์
12055,โรงพยาบาลแม่สอด-ราม
12065,โรงพยาบาลรวมแพทย์พิษณุโลก
12067,โรงพยาบาลกรุงเทพพิษณุโลก
11999,โรงพยาบาลทั่วไปขนาดใหญ่เชียงใหม่เมดิคอลเซ็นเตอร์
12086,สถานพยาบาลหมอสงวน
11974,โรงพยาบาลมุกดาหารอินเตอร์เนชั่นแนล
11980,โรงพยาบาลทั่วไปขนาดใหญ่แมคคอร์มิค
12003,โรงพยาบาลเขลางค์นครราม
12030,โรงพยาบาลพริ้นซ์ ปากน้ำโพ 1 โรงพยาบาลทั่วไปขนาดใหญ่
12044,โรงพยาบาลศรีสวรรค์
12103,โรงพยาบาลซานคามิลโล
12131,โรงพยาบาลศาลายา
12126,โรงพยาบาลกรุงเทพคริสเตียนนครปฐม
12110,โรงพยาบาลทั่วไปขนาดใหญ่ สินแพทย์ กาญจนบุรี
12119,โรงพยาบาลศุภมิตร สุพรรณบุรี
12113,โรงพยาบาลทั่วไปขนาดเล็กคริสเตียนแม่น้ำแควน้อย
12107,โรงพยาบาลธนกาญจน์
12104,สถานพยาบาลท่าเรือ
12123,โรงพยาบาลวิภาวดี-ปิยราษฎร์
12128,โรงพยาบาลกรุงเทพสนามจันทร์
12120,โรงพยาบาลหมอสำเริงโรงพยาบาลทั่วไปขนาดเล็ก
12122,โรงพยาบาลธนบุรีอู่ทอง
12127,โรงพยาบาลเทพากร
12137,โรงพยาบาลทั่วไปขนาดเล็กเจษฎา
12139,โรงพยาบาลมหาชัย
12144,โรงพยาบาลวิชัยเวชอินเตอร์เนชั่นแนล อ้อมน้อย
12140A,โรงพยาบาลวิชัยเวช อินเตอร์เนชั่นแนล สมุทรสาคร (ศูนย์เทศบาลคลองมะเดื่อ)
12168,สถานพยาบาลรวมแพทย์ทุ่งสง
12189,โรงพยาบาลศรีวิชัย สุราษฎร์ธานี
12169,โรงพยาบาลนครคริสเตียน
12143,โรงพยาบาลมหาชัย2
12167,โรงพยาบาลนครินทร์
12159,มหาชัยเพชรรัชต์โรงพยาบาลทั่วไปขนาดใหญ่
12185,โรงพยาบาลมิชชั่นภูเก็ต
12184,โรงพยาบาลกรุงเทพภูเก็ต
12188,โรงพยาบาลทักษิณ
12180A,โรงพยาบาลกรุงเทพสิริโรจน์โรงพยาบาลทั่วไปขนาดใหญ่ เซนทรัล
12145,มหาชัยแม่กลองโรงพยาบาลทั่วไปขนาดกลาง
12140,รพ.วิชัยเวช
12175,สถานพยาบาลรวมแพทย์
12204,โรงพยาบาลวิรัชศิลป์
12180,โรงพยาบาลกรุงเทพสิริโรจน์โรงพยาบาลทั่วไปขนาดใหญ่
12212,โรงพยาบาลมูลนิธิมิตรภาพสามัคคี
12221,โรงพยาบาลศิครินทร์หาดใหญ่
12226,โรงพยาบาลวัฒนแพทย์
12222,โรงพยาบาลราษฏร์ยินดี
12238,โรงพยาบาลสิโรรส
12244,สถาบันจิตเวชศาสตร์สมเด็จเจ้าพระยา
12246,สถาบันราชานุกูล
12230,โรงพยาบาล ทีอาร์พีเอช โรงพยาบาลทั่วไปขนาดใหญ่
12243,สถาบันพัฒนาสุขภาวะ เขตเมือง
12248,สถาบันพยาธิวิทยา
12223,โรงพยาบาลกรุงเทพหาดใหญ่
12249,สถาบันโรคผิวหนัง
12250,สถาบันมะเร็งแห่งชาติ
12252,สถาบันราชประชาสมาสัย
12258,สถาบันสิรินธรเพื่อการฟื้นฟูสมรรถภาพทางการแพทย์แห่งชาติ
12256,สถาบันโรคทรวงอก
12262,สถาบันบำบัดรักษาและฟื้นฟูผู้ติดยาเสพติดแห่งชาติบรมราชชนนี
12249A,สถาบันโรคผิวหนัง (สถานีกลางบางซื่อ) หมอพร้อม
12251,โรงพยาบาลยุวประสาทไวทโยปถัมภ์
12257,สถาบันบำราศนราดูร
12260,โรงพยาบาลศรีธัญญา
12254,กรมควบคุมโรค
12267,ศูนย์อนามัยที่ 9 นครราชสีมา
12268,โรงพยาบาลจิตเวชนครราชสีมาราชนครินทร์
12269,รพ.พระศรีมหาโพธิ์
12270,สถานพยาบาล ศูนย์อนามัยที่ 10 อุบลราชธานี
12277,โรงพยาบาลจิตเวชนครพนมราชนครินทร์
12276,โรงพยาบาลมะเร็งอุดรธานี
12275,รพท. โรงพยาบาลสิรินธร จังหวัดขอนแก่น
12273,โรงพยาบาลส่งเสริมสุขภาพ ศูนย์อนามัยที่ 7 ขอนแก่น
12279,โรงพยาบาลส่งเสริมสุขภาพ ศูนย์อนามัยที่ 1
12286,โรงพยาบาล นอก สป.สธ. โรงพยาบาลส่งเสริมสุขภาพ ศูนย์
12283,โรงพยาบาลมะเร็งลำปาง
12280,โรงพยาบาลสวนปรุง
12281,โรงพยาบาลประสาทเชียงใหม่
12284,โรงพยาบาลส่งเสริมสุขภาพ ศูนย์อนามัยที่ 3
12287,สถานพยาบาล ศูนย์อนามัยที่ 11
12289,โรงพยาบาลสวนสราญรมย์
12290,โรงพยาบาลจิตเวชสงขลาราชนครินทร์
12438,สถาบันสุขภาพเด็กแห่งชาติมหาราชินี
12418,หน่วยบริการประจำเทศบาลนครอุดรธานี
12427,ศูนย์บริการสาธารณสุขเทศบาลนครภูเก็ต 1
12439,สถาบันประสาทวิทยา
12442,โรงพยาบาลสมเด็จพระสังฆราชญาณสังวรเพื่อผู้สูงอายุ จังหวัดชลบุรี
12449,กองพยาบาล กรมแผนที่ทหารกองบัญชากองทัพไทย
12460,ศูนย์บริการโลหิตแห่งชาติ สภากาชาด
12461,สถานเสาวภา สภากาชาดไทย
12463,สถานีกาชาดที่11 วิเศษนิยม
12464,สถานพยาบาลสถานีกาชาดที่ 5 สวางคนิวาส
12477,ศูนย์วิทยาศาสตร์การกีฬาคลินิกเวชกรรม การกีฬาแห่งประเทศไทย
12488,สำนักแพทย์ การท่าอากาศยานไทยจำกัด
12499,สำนักอนามัยกรุงเทพมหานคร
13646,ศูนย์บริการสาธารณสุข 1  สะพานมอญ
13653,ศูนย์บริการสาธารณสุข 8  บุญรอด รุ่งเรือง
13674,ศูนย์บริการสาธารณสุข 29 ช่วง นุชเนตร
13685,ศูนย์บริการสาธารณสุข 40  บางแค
13687,ศูนย์บริการสาธารณสุข 42 ถนอม ทองสิมา
13690,ศูนย์บริการสาธารณสุข 47  คลองขวาง
13753,โรงพยาบาลทันตกรรม คณะทันตแพทย์ศาสตร์ มหาวิทยาลัยสงขลานครินทร์
13747,โรงพยาบาลราชสาส์น
13705,ศูนย์บริการสาธารณสุข 62 ตวงรัชฎ์ ศศะนาวิน
13691,ศูนย์บริการสาธารณสุข 48  นาควัชระ อุทิศ
13754,รพ.สมเด็จพระบรมราชเทวี ณ ศรีราชา
13755,โรงพยาบาลโรคผิวหนังเขตร้อนภาคใต้ จังหวัดตรัง
13756,โรงพยาบาลจุฬาลงกรณ์ สภากาชาดไทย
13757,โรงพยาบาลเวชศาสตร์เขตร้อน
13758,โรงพยาบาลสมเด็จพระนางเจ้าสิริกิติ์
13777,โรงพยาบาลศรีนครินทร์ มหาวิทยาลัยขอนแก่น
13760,โรงพยาบาลมะเร็งชลบุรี
13766,โรงพยาบาลมหาวิทยาลัยบูรพา
13778,โรงพยาบาลธรรมศาสตร์เฉลิมพระเกียรติ
13779,โรงพยาบาลสงขลานครินทร์  มหาวิทยาลัยสงขลานครินทร์
13780,รพ.มหาราชนครเชียงใหม่  มหาวิทยาลัยเชียงใหม่
13806,โรงพยาบาล กาบัง
13781,รพ.รามาธิบดี
13814,โรงพยาบาลศิริราช
13815,ศูนย์การแพทย์ปัญญานันทภิกขุ ชลประทาน
13816,รพช.เกาะช้าง
13817,โรงพยาบาลเขาฉกรรจ์
13818,รพช. จะแนะ
13819,รพช. หลวงพ่อเปิ่น
13826,โรงพยาบาลส่งเสริมสุขภาพตำบลโพนสูง
13827,โรงพยาบาลส่งเสริมสุขภาพตำบลหนองยารักษ์
13872,โรงพยาบาลส่งเสริมสุขภาพตำบลเวินบึก
13878, รพ.สต.โสกชัน ต.สารภี
13880,รพ.สต.คำโพธิ์
13891,โรงพยาบาลส่งเสริมสุขภาพตำบลบ้านแสนสุข
13938,โรงพยาบาลส่งเสริมสุขภาพตำบลบ้านโพธิ์
13967,โรงพยาบาลส่งเสริมสุขภาพตำบลบ้านหนองไผ่ ตำบลดงมะไฟ
13968,โรงพยาบาลส่งเสริมสุขภาพตำบลบ้านห้วยกอก ตำบลโพธิไพศาล
13969,โรงพยาบาลส่งเสริมสุขภาพตำบลบ้านกลาง ตำบลกุดไห
13970,โรงพยาบาลส่งเสริมสุขภาพตำบลบ้านโคก ตำบลไร่
13971,โรงพยาบาลส่งเสริมสุขภาพตำบลบ้านโคกสะอาด ตำบลแร่
13972,โรงพยาบาลส่งเสริมสุขภาพตำบลบ้านส้งเปือย ตำบลขัวก่าย
13973,โรงพยาบาลส่งเสริมสุขภาพตำบลบ้านวังเยี่ยม ตำบลหนองแวงใต้
13975,โรงพยาบาลส่งเสริมสุขภาพตำบลบ้านนานิยม ตำบลแพด
13976,โรงพยาบาลส่งเสริมสุขภาพตำบลบ้านดอนปอ ตำบลท่าก้อน
13977,โรงพยาบาลส่งเสริมสุขภาพตำบลบ้านนาถ่อน ตำบลบงเหนือ
14038,โรงพยาบาลส่งเสริมสุขภาพตำบลบ้านหนองแหน ตำบลประดู่
14108,"สะเตงนอก บ้านบาโงยบาแด หมู่ที่ 05,สอ."
14131,กองแพทย์ โรงเรียนช่างฝีมือทหาร
14132,ซำสูง
14133,โรงพยาบาลเอราวัณ
14135,โรงพยาบาลบึงสามัคคี
14136,รพช. ศุกร์ศิริศรีสวัสดิ์
14139,รัษฎา
14138,โรงพยาบาล ท่าโรงช้าง
14161,โรงพยาบาลกองบิน กองบิน1
14189,สถาบันป้องกันควบคุมโรคเขตเมือง
14173,โรงพยาบาลตำรวจ
14194,โรงพยาบาลธัญญารักษ์สงขลา
14195,โรงพยาบาลธัญญรักษ์ปัตตานี
14197,สถานพยาบาล โรงพยาบาลธัญญารักษ์แม่ฮ่องสอน
14199,โรงพยาบาลมะเร็งลพบุรี
14201,โรงพยาบาลมะเร็งอุบลราชธานี
14203,โรงพยาบาลมะเร็งสุราษฎร์ธานี
14252,"สร้างถ่อ บ้านกุดตากล้า หมูที่ 04,สอ."
14261,โรงพยาบาลส่งเสริมสุขภาพตำบลนิคมฯ 2
14258,รพ.สต.ม่วงเฒ่า
14256,รพ.สต.น้ำคำ
14257,โรงพยาบาลส่งเสริมสุขภาพตำบลกุง
14333,ศูนย์สุขภาพชุมชนเมืองสะพานดำ
14334,ศสม.วัดไทรใต้
14354,โรงพยาบาลภัทร-ธนบุรี
14418,ศูนย์บริการสาธารณสุข เทศบาลเมืองชัยนาท
14421,ศูนย์บริการสาธารณสุขเทศบาลนครนครราชสีมา
14433,ศูนย์บริการสาธารณสุขเทศบาลเมืองลำพูน
14441,เทศบาลเมืองสกลนคร
14465,ศูนย์บริการสุขภาพเทศบาลนครเชียงใหม่
14534,โรงพยาบาลธนบุรี-ชุมพร
14550,โรงพยาบาลทั่วไปขนาดใหญ่ เชียงใหม่ใกล้หมอ
14551,โรงพยาบาลผู้สูงอายุแมคเคนขนาดเล็ก
14555,โรงพยาบาลทั่วไปขนาดกลางศิริเวช ลำพูน
14574,รพ.พญาไท 3
14572,โรงพยาบาลบี.แคร์.เมดิคอลเซ็นเตอร์
14577,โรงพยาบาลวิภาราม
14578,โรงพยาบาลศุขเวช
14590,โรงพยาบาลรวมชัยประชารักษ์
14591,โรงพยาบาลสำโรงการแพทย์
14607,โรงพยาบาลมงกุฎระยอง
14617,โรงพยาบาลซานเปาโลหัวหิน
14630,โรงพยาบาลกรุงเทพปากช่อง
14631,สำนักงานป้องกันควบคุมโรคที่ 9 จังหวัดนครราชสีมา
,
00000,โรงพยาบาลทดสอบระบบ
00008,สำนักงานสาธารณสุขจังหวัดชัยนาท
00001,สำนักงานสาธารณสุขจังหวัดสมุทรปราการ
00012,สำนักงานสาธารณสุขจังหวัดจันทบุรี
00034,สำนักงานสาธารณสุขจังหวัดสกลนคร
00017,สำนักงานสาธารณสุขจังหวัดสระแก้ว
00040,สำนักงานสาธารณสุขจังหวัดอุตรดิตถ์
00044,สำนักงานสาธารณสุขจังหวัดเชียงราย
00051,สำนักงานสาธารณสุขจังหวัดพิษณุโลก
00004,โรงพยาบาลทดสอบระบบ 00004
00007,สำนักงานสาธารณสุขจังหวัดสิงห์บุรี
00003,โรงพยาบาลทดสอบระบบ 00003
00032,โรงพยาบาลทดสอบระบบ00032
00041,สำนักงานสาธารณสุขจังหวัดแพร่
00011,สำนักงานสาธารณสุขจังหวัดระยอง
00005,สำนักงานสาธารณสุขจังหวัดอ่างทอง
00018,สำนักงานสาธารณสุขจังหวัดนครราชสีมา
00020,สำนักงานสาธารณสุขจังหวัดสุรินทร์
00006,สำนักงานสาธารณสุขจังหวัดลพบุรี
00014,สำนักงานสาธารณสุขจังหวัดฉะเชิงเทรา
00053,สำนักงานสาธารณสุขจังหวัดเพชรบูรณ์
00035,สำนักงานสาธารณสุขจังหวัดนครพนม
00021,สำนักงานสาธารณสุขจังหวัดศรีสะเกษ
00036,สำนักงานสาธารณสุขจังหวัดมุกดาหาร
00037,โรงพยาบาลฮอด
00046,สำนักงานสาธารณสุขจังหวัดนครสวรรค์
00049,สำนักงานสาธารณสุขจังหวัดตาก
0005,โรงพยาบาลทดสอบระบบ0005
00029,สำนักงานสาธารณสุขจังหวัดเลย
00031,สนง.สาธารณสุขจังหวัดมหาสารคาม
00025,สำนักงานสาธารณสุขจังหวัดอำนาจเจริญ
00028,สำนักงานสาธารณสุขจังหวัดอุดรธานี
00029A,สำนักงานสาธารณสุขจังหวัดเลย ศุนย์ฉีดวัคซีนสำนักงานสาธารณสุขจังหวัดเลยร่วมกับโรงพยาบาลเลย ณ หอประชุมอ
00033,สนง.สาธารณสุขจังหวัดกาฬสินธุ์
00039,สำนักงานสาธารณสุขจังหวัดลำปาง
00047,โรงพยาบาลทดสอบระบบ 00047
00009,สำนักงานสาธารณสุขจังหวัดสระบุรี
00013,สนง.สาธารณสุขจังหวัดตราด
00019,สำนักงานสาธารณสุขจังหวัดบุรีรัมย์
00026,โรงพยาบาลทดสอบระบบ00026
00042,สำนักงานสาธารณสุขจังหวัดน่าน
00048,โรงพยาบาลทดสอบระบบ00048
00016,สำนักงานสาธารณสุขจังหวัดนครนายก
00022,สำนักงานสาธารณสุขจังหวัดอุบลราชธานี
00010,สำนักงานสาธารณสุขจังหวัดชลบุรี
00002,โรงพยาบาลทดสอบระบบ00002
00024,โรงพยาบาลทดสอบระบบ00024
00030,สนง.สาธารณสุขจังหวัดหนองคาย
00038,โรงพยาบาลทดสอบระบบ 00038
00050,โรงพยาบาลทดสอบระบบ 00050
00023,สำนักงานสาธารณสุขจังหวัดยโสธร
00027,สำนักงานสาธารณสุขจังหวัดขอนแก่น
00043,สนง.สาธารณสุขจังหวัดพะเยา
00045,โรงพยาบาลทดสอบระบบ 00045
00052,สำนักงานสาธารณสุขจังหวัดพิจิตร
00056,สำนักงานสาธารณสุขจังหวัดสุพรรณบุรี
00059,สำนักงานสาธารณสุขจังหวัดสมุทรสงคราม
00055,สำนักงานสาธารณสุขจังหวัดกาญจนบุรี
00057,สำนักงานสาธารณสุขจังหวัดนครปฐม
00054,สำนักงานสาธารณสุขจังหวัดราชบุรี
00060,สำนักงานสาธารณสุขจังหวัดเพชรบุรี
00058,สำนักงานสาธารณสุขจังหวัดสมุทรสาคร
0006,โรงพยาบาลทดสอบระบบ0006
00066,สำนักงานสาธารณสุขจังหวัดสุราษฎร์ธานี
00065,สำนักงานสาธารณสุขจังหวัดภูเก็ต
00062,สำนักงานสาธารณสุขจังหวัดนครศรีธรรมราช
00064,โรงพยาบาลทดสอบระบบ00064
00070,สำนักงานสาธารณสุขจังหวัดสตูล
00069,สำนักงานสาธารณสุขจังหวัดสงขลา
00061,สำนักงานสาธารณสุขจังหวัดประจวบคีรีขันธ์
00071,สำนักงานสาธารณสุขจังหวัดตรัง
00063,โรงพยาบาลทดสอบระบบ00063
00068,โรงพยาบาลทดสอบระบบ00068
00067,สำนักงานสาธารณสุขจังหวัดระนอง
00075,สำนักงานสาธารณสุขจังหวัดนราธิวาส
00080,โรงพยาบาลบีเอ็มเอส 00080
00081,โรงพยาบาลทดสอบระบบ00081
00082,โรงพยาบาลทดสอบระบบ00082
00086,โรงพยาบาลทดสอบระบบ00086
00074,สำนักงานสาธารณสุขจังหวัดยะลา
00079,โรงพยาบาลทดสอบระบบ00079
00078,โรงพยาบาลทดสอบระบบ00078
00083,โรงพยาบาลทดสอบระบบ00083
00072,สำนักงานสาธารณสุขจังหวัดพัทลุง
00076,โรงพยาบาลทดสอบระบบ00076
00084,โรงพยาบาลทดสอบระบบ00084
00085,สำนักงานสาธารณสุขอำเภอบางบัวทอง
00073,สำนักงานสาธารณสุขจังหวัดปัตตานี
00077,โรงพยาบาลทดสอบระบบ00077
00087,สำนักงานสาธารณสุขอำเภอปากเกร็ด
00088,โรงพยาบาลทดสอบระบบ00088
00089,โรงพยาบาลทดสอบระบบ00089
00090,โรงพยาบาลทดสอบระบบ00090
00092,โรงพยาบาลทดสอบระบบ00092
00091,โรงพยาบาลทดสอบระบบ00091
00093,โรงพยาบาลทดสอบระบบ00093
00094,โรงพยาบาลทดสอบระบบ00094
00095,โรงพยาบาลทดสอบระบบ00095
00096,โรงพยาบาลทดสอบระบบ00096
00097,โรงพยาบาลทดสอบระบบ00097
00098,โรงพยาบาลทดสอบระบบ00098
00099,โรงพยาบาลทดสอบระบบ00099
00100,โรงพยาบาลทดสอบระบบ00100
00102,โรงพยาบาลทดสอบระบบ00102
00101,โรงพยาบาลทดสอบระบบ00101
00103,โรงพยาบาลทดสอบระบบ00103
00104,โรงพยาบาลทดสอบระบบ00104
00109,โรงพยาบาลทดสอบระบบ00109
00105,โรงพยาบาลทดสอบระบบ00105
00106,โรงพยาบาลทดสอบระบบ00106
00108,โรงพยาบาลทดสอบระบบ00108
00107,โรงพยาบาลทดสอบระบบ00107
00110,โรงพยาบาลทดสอบระบบ00110
00111,โรงพยาบาลทดสอบระบบ00111
00112,โรงพยาบาลทดสอบระบบ00112
00113,โรงพยาบาลทดสอบระบบ00113
00114,โรงพยาบาลทดสอบระบบ00114
00115,โรงพยาบาลทดสอบระบบ00115
00117,โรงพยาบาลทดสอบระบบ00117
00116,โรงพยาบาลทดสอบระบบ00116
00118,โรงพยาบาลทดสอบระบบ00118
00119,โรงพยาบาลทดสอบระบบ00119
00126,โรงพยาบาลทดสอบระบบ00126
00130,โรงพยาบาลทดสอบระบบ00130
00131,โรงพยาบาลทดสอบระบบ00131
00120,โรงพยาบาลทดสอบระบบ00120
00122,โรงพยาบาลทดสอบระบบ00122
00124,โรงพยาบาลทดสอบระบบ00124
00127,โรงพยาบาลทดสอบระบบ00127
00128,โรงพยาบาลทดสอบระบบ00128
00121,โรงพยาบาลทดสอบระบบ00121
00123,โรงพยาบาลทดสอบระบบ00123
00125,โรงพยาบาลทดสอบระบบ00125
00129,โรงพยาบาลทดสอบระบบ00129
00132,โรงพยาบาลทดสอบระบบ00132
00133,โรงพยาบาลทดสอบระบบ00133
00138,โรงพยาบาลทดสอบระบบ00138
00136,โรงพยาบาลทดสอบระบบ00136
00134,โรงพยาบาลทดสอบระบบ00134
00135,โรงพยาบาลทดสอบระบบ00135
00137,โรงพยาบาลทดสอบระบบ00137
00139,โรงพยาบาลทดสอบระบบ00139
00140,โรงพยาบาลทดสอบระบบ00140
00141,โรงพยาบาลทดสอบระบบ00141
00142,โรงพยาบาลทดสอบระบบ00142
00143,โรงพยาบาลทดสอบระบบ00143
00144,โรงพยาบาลทดสอบระบบ00144
00145,โรงพยาบาลทดสอบระบบ00145
00146,โรงพยาบาลทดสอบระบบ00146
00147,โรงพยาบาลทดสอบระบบ00147
00149,โรงพยาบาลทดสอบระบบ00149
00151,โรงพยาบาลทดสอบระบบ00151
00148,โรงพยาบาลทดสอบระบบ00148
00152,โรงพยาบาลทดสอบระบบ00152
00150,โรงพยาบาลทดสอบระบบ00150
00153,โรงพยาบาลทดสอบระบบ00153
00154,โรงพยาบาลทดสอบระบบ00154
00155,โรงพยาบาลทดสอบระบบ00155
00162,โรงพยาบาลทดสอบระบบ00162
00250,สำนักงานสาธารณสุขอำเภอลำทะเมนชัย
00157,โรงพยาบาลทดสอบระบบ00157
00165,โรงพยาบาลทดสอบระบบ00165
00158,โรงพยาบาลทดสอบระบบ00158
00161,โรงพยาบาลทดสอบระบบ00161
00313,สำนักงานสาธารณสุขอำเภอโขงเจียม
00156,โรงพยาบาลทดสอบระบบ00156
00164,โรงพยาบาลทดสอบระบบ00164
00159,สำนักงานสาธารณสุขอำเภอบางละมุง
00163,โรงพยาบาลทดสอบระบบ00163
00318,สำนักงานสาธารณสุขอำเภอน้ำยืน
00768,สำนักงานสาธารณสุขอำเภอชะอำ
00821,สำนักงานสาธารณสุขอำเภอเมืองภูเก็ต
00822,สำนักงานสาธารณสุขอำเภอกะทู้
00935,สถานีอนามัยเฉลิมพระเกียรติ 60 พรรษา นวมินทราชินี บ้านคลองบางปิ้ง
00823,สำนักงานสาธารณสุขอำเภอถลาง
00933,โรงพยาบาลส่งเสริมสุขภาพตำบลสำโรงเหนือ
00940,โรงพยาบาลส่งเสริมสุขภาพตำบล บางด้วน
00995,โรงพยาบาลส่งเสริมสุขภาพตำบลบางเขน
01016,สอ. มหาสวัสดิ์ บ้านต้นโพธิ์ หมู่ที่ 02
01023,โรงพยาบาลส่งเสริมสุขภาพตำบลบางแม่นาง
01018,รพ.สต.วัดสุนทรธรรมิการาม
01034,โรงพยาบาลส่งเสริมสุขภาพตำบลหมู่ 3 บางคูรัด
01344,โรงพยาบาลส่งเสริมสุขภาพตำบลโรงช้าง
01381,โรงพยาบาลส่งเสริมสุขภาพตำบลโรงช้าง
01573,สถานีอนามัยเฉลิมพระเกียรติ 60 พรรษา นวมินทราชินี
01585,โรงพยาบาลส่งเสริมสุขภาพตำบลโรงช้าง
01588,สถานีอนามัยเฉลิมพระเกียรติ 60 พรรษา นวมินทราชินี
01631,โรงพยาบาลส่งเสริมสุขภาพตำบลอำเภอสรรพยา
01646,สถานีอนามัยเฉลิมพระเกียรติ 60 พรรษา นวมินทราชินี
01807,รพ.สต.บ้านท้องคุ้ง
01808,"นาป่า,สอ."
01809,"รพ.สต.หนองข้างคอก บ้านบ่อน้ำจืด หมู่ที่ 4,สอ."
01810,รพ.สต.ดอนหัวฬ่อ
01811,รพ.สต. หนองไม้แดง
01813,"คลองตำหรุ บ้านบน หมู่ที่ 05,รพ.สต."
01814,โรงพยาบาลส่งเสริมสุขภาพตำบลเหมือง
01816,โรงพยาบาลส่งเสริมสุขภาพตำบลห้วยกะปิ
01820,"คลองกิ่ว บ้านหัวกุญแจ หมู่ที่ 01,สอ."
01822,"คลองกิ่ว บ้านมาบลำบิด หมู่ที่ 07,สอ."
01826,รพ.สต.บ้านหนองยาง
01899,"สัตหีบ บ้านคลองกานดา หมู่ที่ 08,สอ."
01900,"สัตหีบ เขาคันธมาทน์ หมู่ที่ 09,สอ."
01901,"นาจอมเทียน บ้านคลองนำชัย หมู่ที่ 09,สอ."
01902,"บางเสร่ บ้านบางเสร่ หมู่ที่ 08,สอ."
01903,"แสมสาร บ้านหนองน้ำเค็ม หมู่ที่ 02,สอ."
02179,โรงพยาบาลส่งเสริมสุขภาพตำบล บ้านคลองพร้าว
02369,"สัมพันธ์ บ้านสัมพันธ์ หมู่ที่ 01,สอ."
02375,"หนองโพรง บ้านปรือวายใหญ่ หมู่ที่ 08,สอ."
02379,"กรอกสมบูรณ์ บ้านกรอกสมบูรณ์(ตรอกด้วน) หมู่ที่ 01,สอ."
02440,รพ.สต.คลองน้ำใส ม.2 ต.โคกปี่ฆ้อง
02445,โรงพยาบาลส่งเสริมสุขภาพตำบลคลองผักขม
02447,รพ.สต.โคกสัมพันธ์ ต.ท่าเกษม
02448,"สระขวัญ บ้านน้ำซับเจริญ หมู่ที่ 01,สอ."
02449,โรงพยาบาลส่งเสริมสุขภาพตำบลแก่งสีเสียด
02478,สถานีอนามัยคลองตาสูตร
02482,รพ.สต.บ้านท่าเกวียน
02483,รพ.สต.บ้านคลองมะนาว
02484,โรงพยาบาลส่งเสริมสุขภาพตำบลบ้านหนองหอย
02485,โรงพยาบาลส่งเสริมสุขภาพตำบลบ้านห้วยเดื่อ
02486,รพ.สต.บ้านหนองเทา
02487,โรงพยาบาลส่งเสริมสุขภาพตำบลบ้านทับใหม่
02488,โรงพยาบาลส่งเสริมสุขภาพตำบลหนองน้ำใส
02489,โรงพยาบาลส่งเสริมสุขภาพตำบลบ้านซับนกแก้ว หมู่ที่ 05
02490,โรงพยาบาลส่งเสริมสุขภาพตำบลบ้านช่องกุ่ม
02492,โรงพยาบาลส่งเสริมสุขภาพตำบลหนองแวง
02493,โรงพยาบาลส่งเสริมสุขภาพตำบลแซร์ออ
02494,รพ.สต.บ้านเขาพรมสุวรรณ
02495,รพ.สต.หนองหมากฝ้าย
02496,โรงพยาบาลส่งเสริมสุขภาพตำบลบ้านใหม่ศรีจำปา
02497,รพ.สต.หนองตะเคียนบอน
02498,รพ.สต.บ้านคลองทราย
02499,โรงพยาบาลส่งเสริมสุขภาพตำบลบ้านบ่อนางชิง หมู่ที่4
02514, โรงพยาบาลส่งเสริมสุขภาพตำบลเขาฉกรรจ์
02515,โรงพยาบาลส่งเสริมสุขภาพตำบลคลองเจริญ
02516,โรงพยาบาลส่งเสริมสุขภาพตำบลหนองหว้า อ.เขาฉกรรจ์
02517,โรงพยาบาลส่งเสริมสุขภาพตำบลซับมะนาว
02519,โรงพยาบาลส่งเสริมสุขภาพตำบลไทรทอง
02518,"พระเพลิง บ้านนาคันหัก หมู่ที่ 02,สอ."
02520,โรงพยาบาลส่งเสริมสุขภาพตำบลเขาสามสิบ
02536,โรงพยาบาลส่งเสริมสุขภาพตำบลหนองพลวงมะนาว
02537,โรงพยาบาลส่งเสริมสุขภาพตำบล หนองปรู
02538,โรงพยาบาลส่งเสริมสุขภาพตำบล โคกสูง
02539,โรงพยาบาลส่งเสริมสุขภาพตำบลบ้านพระ
02540,โรงพยาบาลส่งเสริมสุขภาพตำบลโตนด
02541,โรงพยาบาลส่งเสริมสุขภาพตำบลหนองพระลาน
02542,โรงพยาบาลส่งเสริมสุขภาพตำบลหลักร้อย
02543,โรงพยาบาลส่งเสริมสุขภาพตำบลหนองกระทุ่ม
02544,โรงพยาบาลส่งเสริมสุขภาพตำบลพลกรัง
02545,โรงพยาบาลส่งเสริมสุขภาพตำบลโนนฝรั่ง
02546,โรงพยาบาลส่งเสริมสุขภาพตำบลขนาย
02547,โรงพยาบาลส่งเสริมสุขภาพตำบลบ้านใหม่
02548,โรงพยาบาลส่งเสริมสุขภาพตำบลศรีษะละเลิง
02549,โรงพยาบาลส่งเสริมสุขภาพตำบลพุดซา
02551,โรงพยาบาลส่งเสริมสุขภาพตำบลระกาย
02554,โรงพยาบาลส่งเสริมสุขภาพตำบลหนองปลิง
02555,โรงพยาบาลส่งเสริมสุขภาพตำบลยางใหญ่
02556,โรงพยาบาลส่งเสริมสุขภาพตำบลสีมุม
02558,โรงพยาบาลส่งเสริมสุขภาพตำบลกระฉอด
02557,โรงพยาบาลส่งเสริมสุขภาพตำบลทุ่งกระโดน
02560,โรงพยาบาลส่งเสริมสุขภาพตำบลหนองไข่น้ำ
02559,โรงพยาบาลส่งเสริมสุขภาพตำบลมะเริงน้อย
02684,โรงพยาบาลส่งเสริมสุขภาพตำบลโคกสะอาด
02693,สอ. กระทุ่มราย บ้านสี่เหลี่ยม หมู่ที่ 01
02700,โรงพยาบาลส่งเสริมสุขภาพตำบลคอกหมู
02704,โรงพยาบาลส่งเสริมสุขภาพตำบลโคกกลาง
02725,โรงพยาบาลส่งเสริมสุขภาพตำบลบ้านซึม
02726,โรงพยาบาลส่งเสริมสุขภาพตำบลสัมฤทธิ์
02727,โรงพยาบาลส่งเสริมสุขภาพตำบลลุงตามัน
02728,โรงพยาบาลส่งเสริมสุขภาพตำบล หนองจิก
02729,โรงพยาบาลส่งเสริมสุขภาพตำบลบ้านเตย
02730,โรงพยาบาลส่งเสริมสุขภาพตำบล ท่าหลวง
02731,โรงพยาบาลส่งเสริมสุขภาพตำบลจารย์ตำรา
02732,โรงพยาบาลส่งเสริมสุขภาพตำบลรังกาใหญ่
02734,โรงพยาบาลส่งเสริมสุขภาพตำบลชีวาน
02735,โรงพยาบาลส่งเสริมสุขภาพตำบล นิคมสร้างตนเอง 1
02736,โรงพยาบาลส่งเสริมสุขภาพตำบลหนองหญ้าขาว
02737,โรงพยาบาลส่งเสริมสุขภาพตำบลดงน้อย
02738,โรงพยาบาลส่งเสริมสุขภาพตำบล ดงใหญ่
02739,โรงพยาบาลส่งเสริมสุขภาพตำบลมะกอก
02741,โรงพยาบาลส่งเสริมสุขภาพตำบลหนองขาม
02740,โรงพยาบาลส่งเสริมสุขภาพตำบลมะค่าระเว
02742,โรงพยาบาลส่งเสริมสุขภาพตำบลหนองระเวียง
02822,โรงพยาบาลส่งเสริมสุขภาพตำบล หัวทำนบ
02823,โรงพยาบาลส่งเสริมสุขภาพตำบล สารภี
02824,โรงพยาบาลส่งเสริมสุขภาพตำบล บ้านพระ
02825,โรงพยาบาลส่งเสริมสุขภาพตำบล ซับตะคร้อ
02826,โรงพยาบาลส่งเสริมสุขภาพตำบลบุกระโทก
02827,โรงพยาบาลส่งเสริมสุขภาพตำบลหนองหัวแรด
02828,โรงพยาบาลส่งเสริมสุขภาพตำบล หนองตะไก้
02829,โรงพยาบาลส่งเสริมสุขภาพตำบลลุงเขว้า
02830,โรงพยาบาลส่งเสริมสุขภาพตำบลหนองไม้ไผ่
02831,โรงพยาบาลส่งเสริมสุขภาพตำบลใหม่อุดม
02851,โรงพยาบาลส่งเสริมสุขภาพตำบลหนองแวง
02852,โรงพยาบาลส่งเสริมสุขภาพตำบลสะพานหิน
02853,โรงพยาบาลส่งเสริมสุขภาพตำบลบึงปรือ
02981,โรงพยาบาลส่งเสริมสุขภาพตำบลบ้านสายโท 12 ใต้ ตำบลส
03525,รพ.สต.หัวเรือ อ.เมือง
03526,รพ.สต.หนองขอน อ.เมือง
03527,รพ.สต.หนองไหล อ.เมือง
03530,"ปทุม บ้านปทุม หมู่ที่ 07,สอ."
03531, รพ.สต.ด้ามพร้า ต.ขามใหญ่ อ.เมือง
03532,"แจระแม บ้านหนองแก หมู่ที่ 03,สอ."
03533,รพ.สต.ทัพไทย   อ.เมืองอุบลราชธานี
03534,รพ.สต.หนองบ่อ ต.หนองบ่อ อ.เมือง
03536,รพ.สต.ยางลุ่ม อ.เมือง
03537,รพ.สต.กระโสบ อ.เมือง
03538,รพ.สต.กุดลาด บ้านปากน้ำ หมู่ที่ 03
03539,รพ.สต.ผาแก้ว อ.เมือง
03540,รพ.สต.หนองแต้ อ.เมือง
03542,โรงพยาบาลส่งเสริมสุขภาพตำบลบก
03543,สถานีอนามัยหนองขุ่น
03544,โรงพยาบาลส่งเสริมสุขภาพตำบลจันทัย
03545,รพ.สต.ลาดควาย
03546,รพ.สต.คำบง
03547,โรงพยาบาลส่งเสริมสุขภาพตำบลภูหล่น
03548,รพ.สต.ตะบ่าย อ.ศรีเมืองใหม่
03549,รพสต.คำไหล
03550,สถานีอนามัยบ้านหมากน้อย
03551,สถานีอนามัยหนามแท่ง
03552,โรงพยาบาลส่งเสริมสุขภาพตำบลคำหมาไน
03555,รพ.สต.นาบัว  ตำบลห้วยยาง
03554,รพ.สต.ตุงลุง
03562,รพ.สต.จานเขื่อง หมู่ 8
03563,"เขื่องใน บ้านกุดกะเสียน หมู่ที่ 10,สอ."
03564,"สร้างถ่อ บ้านสร้างถ่อ หมู่ที่ 01,สอ."
03565,"สร้างถ่อ บ้านศรีบัว หมู่ที่ 12,สอ."
03566,"ค้อทอง บ้านหัวทุ่ง หมู่ที่ 02,สอ."
03567,รพ.สต.ส้มป่อย
03568,"ก่อเอ้ บ้านยางน้อย หมู่ที่ 01,สอ."
03569,"โรงพยาบาลส่งเสริมสุขภาพตำบลโนนใหญ่ หมู่ที่ 03,สอ."
03570,"ก่อเอ้ บ้านดงยาง หมู่ที่ 08,สอ."
03571,โรงพยาบาลส่งเสริมสุขภาพตำบลหัวดอน
03572,"หัวดอน บ้านแขม หมู่ที่ 05,สอ."
03573,"ชีทวน บ้านชีทวน หมู่ที่ 01,สอ."
03574,"ชีทวน บ้านหนองโน หมู่ที่ 11,รพ.สต."
03575,"ท่าไห บ้านท่าไห หมู่ที่ 02,สอ."
03576,"นาคำใหญ่ บ้านนาคำใหญ่ หมู่ที่ 01,สอ."
03577,"แดงหม้อ บ้านแดงหม้อ หมู่ที่ 01,สอ."
03578,"แดงหม้อ บ้านบุตร หมู่ที่ 04,สอ."
03579,"ธาตุน้อย บ้านธาตุน้อย หมู่ที่ 07,สอ."
03580,"บ้านไทย บ้านไทย หมู่ที่ 01,สอ."
03581,"บ้านไทย บ้านโพนทอง หมู่ที่ 11,สอ."
03582,"บ้านกอก บ้านกอก หมู่ที่ 05,รพ.สต."
03583,รพ.สต.ไผ่
03584,"กลางใหญ่ บ้านกลางใหญ่ หมู่ที่ 09,สอ."
03585,รพ.สต.โนนรัง
03586,"ยางขี้นก บ้านผักแว่น หมู่ที่ 03,สอ."
03587,"ศรีสุข บ้านศรีสุข หมู่ที่ 02,สอ."
03588,รพ.สต.ธาตุกลาง
03589,"รพ.สต.หนองเหล่า หมู่ที่ 01 อ.เขื่องใน,สอ."
03590,โรงพยาบาลส่งเสริมสุขภาพตำบลขามป้อม
03591,โรงพยาบาลส่งเสริมสุขภาพตำบลเจียด
03593,โรงพยาบาลส่งเสริมสุขภาพตำบลหนองผือ
03594,โรงพยาบาลส่งเสริมสุขภาพตำบลบ้านบาก
03595,โรงพยาบาลส่งเสริมสุขภาพตำบลนาแวง
03596,โรงพยาบาลส่งเสริมสุขภาพตำบลแก้งเหนือ
03597,โรงพยาบาลส่งเสริมสุขภาพตำบลหนองนกทา
03598,รพ.สต.นาหว้า ต.หนองสิม อ.เขมราฐ
03625,รพสต.แก้งเรือง
03626,โรงพยาบาลส่งเสริมสุขภาพตำบลโคกเทียม
03627,สถานีอนามัยบุ่งคำ
03628,รพ.สต.ทุ่งเงิน
03629,สถานีอนามัยโนนแดง
03630,รพสต.โสกแสง
03631,สถานีอนามัยทุ่งเพียง
03632,สถานีอนามัยโนนสว่าง
03633,รพสต.ตบหู
03640,รพ.สต.บุเปือย
03657,รพ.สต.กระเดียน
03659,รพ.สต.คำสมิง
03660,รพ.สต.เกษม
03661,รพ.สต.กุศกร
03662,โรงพยาบาลส่งเสริมสุขภาพตำบลขามเปี้ย
03663,รพ.สต.คอนสาย
03665,รพ.สต.นาพิน
03664,โรงพยาบาลส่งเสริมสุขภาพตำบลโคกน้อย
03669,รพ.สต.ตระการ
03670,รพ.สต.โพนเมือง
03672,โรงพยาบาลส่งเสริมสุขภาพตำบลไหล่ทุ่ง
03674,โรงพยาบาลส่งเสริมสุขภาพตำบลเป้า
03677,โรงพยาบาลส่งเสริมสุขภาพตำบลสะพือ
03678,รพ.สต.หนองเต่า
03679,รพ.สต.ถ้ำแข้
03683,"บ้านแดง บ้านแดง หมู่ที่ 01,สอ."
03685,             รพ.สต.โนนสวาง
03690,โรงพยาบาลส่งเสริมสุขภาพตำบลตุ
03722,รพ.ส่งเสริมสุขภาพตำบลโนนน้อย
03724,โรงพยาบาลส่งเสริมสุขภาพคำขวาง
03730,รพ.สต.ห้วยขะยูง
03732,รพ.สต.กุดชมภู
03733,รพ.สต.ดอนจิก ต.ดอนจิก อ.พิบูลมังสาหาร
03734,"ดอนจิก บ้านห้วยแดง หมู่ที่ 09,สอ."
03735,โรงพยาบาลส่งเสริมสุขภาพตำบลทรายมูล
03737,โรงพยาบาลส่งเสริมสุขภาพตำบลบ้านชาดฮี
03736,รพ.สต.นาโพธิ์
03738,"โนนกลาง บ้านหนองไฮ หมู่ที่ 02,สอ."
03739,รพ.สต.นกเต็น หมู่ที่ 4 ต.โนนกลาง
03740,รพ.สต. ท่าช้าง
03741,รพ.สต.สร้างแก้ว
03742,รพ.สต.หนองโพธิ์
03743,โรงพยาบาลส่งเสริมสุขภาพตำบลระเว
03744,สถานีอนามัยเฉลิมพระเกียรติฯ ไร่ใต้
03745,รพสต.หนองบัวฮี
03746,รพ.สต.โนนยานาง
03747,รพ.สต.อ่างศิลา
03748,"โนนกาหลง บ้านโนนกาหลง หมู่ที่ 08,สอ."
03749,รพสต.นาชุม
03750,สถานีอนามัยบ้านแขม
03751,รพ.สต.ดอนพันชาด
03752,รพ.สต.สำโรง
03753,รพ.สต.จิกเทิง
03754,รพ.สต.หนองกุง
03755,รพ.สต.นาคาย อ.ตาลสุม
03756,รพ.สต.คำหนามแท่ง
03757,รพ.สต.คำหว้า
03760,"ม่วงใหญ่ บ้านตูม หมู่ที่ 06,สอ."
03765,"เหล่างาม บ้านปากห้วยม่วง หมู่ที่ 01,สอ."
03758,"โพธิ์ไทร บ้านพะไล หมู่ที่ 04,สอ."
03785,โรงพยาบาลส่งเสริมสุขภาพตำบลแก่งศรีโคตร
03784,รพ.สต.ช่องเม็ก
03786,รพสต.คำก้อม
03783,รพ.สต.คันไร่
03769,โรงพยาบาลส่งเสริมสุขภาพตำบลหนองไฮ
03788,รพ.สต.หัวสะพาน ต.คำเขื่อนแก้ว หมู่ที่ 2
03789,รพ.สต.คันเปือย ต.คำเขื่อนแก้ว
03790,รพ.สต.หนองอ้ม
03791,โรงพยาบาลส่งเสริมสุขภาพ ต.นาเกษม อ.ทุ่งศรีอุดม
03792,โรงพยาบาลส่งเสริมสุขภาพตำบลโนนใหญ่
03793,รพ.สต.กุดเรือ
03794,รพ.สต.ทุ่งช้าง
03796,รพ.สต.นาเยีย อ.นาเยีย
03797,รพ.สต.นาจาน
03798,โรงพยาบาลส่งเสริมสุขภาพตำบลนาดี
03800,รพ.สต.นาเรือง
03799,รพ.สต.นาดู่
03801,โรงพยาบาลส่งเสริมสุขภาพตำบลนาตาล หมู่ที่ 01
03802,รพ.สต.ปากแซง
03804,โรงพยาบาลส่งเสริมสุขภาพตำบลกองโพน
03805,รพ.สต.ศรีคุณ
03806,รพ.สต.พังเคน
03807,รพ.สต.เหล่าเสือโก้ก
03808,โรงพยาบาลส่งเสริมสุขภาพตำบลโพนเมือง บ้านโพนเมือง หมู่ที่ 1
03809,รพ.สต.แพงใหญ่
03810,"หนองบก บ้านหนองบก หมู่ที่ 03,สอ."
03812,รพ.สต.บ้านโคกสมบูรณ์ หมู่ที่ 01 ตำบลแก่งโดม
03814,โรงพยาบาลส่งเสริมสุขภาพตำบลคำนกเปล้า
03815,"บุ่งมะแลง บ้านบุ่งมะแลงใต้ หมู่ที่ 04,สอ."
03816,โรงพยาบาลส่งเสริมสุขภาพตำบลสว่าง
03818,รพ.สต.โนนยาง
03821,รพ.สต.โคกสะอาด
04007,รพช. ซับใหญ่
04094,โรงพยาบาลส่งเสริมสุขภาพตำบล บ้านไก่คำ ตำบลไก่คำ
04096,รพ.สต.บ้านดอนเมย ตำบลดอนเมย
04097,สถานีอนามัยเฉลิมพระเกียรติ 60 พรรษา นวมินทราชินี
04099,รพ.สต.บ้านสร้างนกทา ตำบลสร้างนกทา
04100,รพ.สต.บ้านโนนดู่ ตำบลสร้างนกทา
04101,รพ.สต.บ้านคึมใหญ่ ตำบลคึมใหญ่
04103,รพ.สต.บ้านภูเขาขาม ตำบลคึมใหญ่
04104,รพ.สต.บ้านนาผือ
04105,โรงพยาบาลส่งเสริมสุขภาพตำบลบ้านดงบังพัฒนา
04106,รพ.สต.บ้านน้ำปลีก
04108,รพ.สต.บ้านนายม
04110,รพ.สต.บ้านโนนโพธิ์
04112,รพ.สต.บ้านห้วยไร่
04115,รพ.สต.บ้านกุดปลาดุก
04125,โรงพยาบาลส่งเสริมสุขภาพตำบลบ้านหนองไฮน้อย
04126,โรงพยาบาลส่งเสริมสุขภาพตำบลบ้านสามแยก
04127,โรงพยาบาลส่งเสริมสุขภาพตำบลบ้านคำโพน
04129,โรงพยาบาลส่งเสริมสุขภาพตำบลบ้านลือ
04130,โรงพยาบาลส่งเสริมสุขภาพตำบลบ้านนาผาง
04132,โรงพยาบาลส่งเสริมสุขภาพตำบลบ้านโนนงาม
04133,โรงพยาบาลส่งเสริมสุขภาพตำบลบ้านนาป่าแซง
04506,"โรงพยาบาลส่งเสริมสุขภาพตำบลบ้านโพธิ์ ต.ปะโค หมู่ที่ 03,สอ."
04523,"พันดอน บ้านน้ำฆ้อง หมู่ที่ 15,สอ."
04535,สถานีอนามัยเฉลิมพระเกียรติ 60 พรรษา นวมินทราชินี
04551,รพ.สต.บ้านหนองเม็ก  ต.หนองเม็ก
04553,โรงพยาบาลส่งเสริมสุขภาพตำบลสะแบง บ้านไร่พัฒนา ต.ส
04554,รพ.สต.บ้านสร้อยพร้าว  ต.สร้อ
04555,โรงพยาบาลส่งเสริมสุขภาพตำบลบ้านเชียง
04560,โรงพยาบาลส่งเสริมสุขภาพตำบลบ้านหนองบัวแดง  ต.หนอง
04559,รพ.สต.บ้านผักตบ ต.ผักตบ
04566,โรงพยาบาลส่งเสริมสุขภาพตำบลบ้านนาชุมแสง  ต.นาชุมแสง
04673,โรงพยาบาลส่งเสริมสุขภาพตำบลขอนแก่น
04752,โรงพยาบาลส่งเสริมสุขภาพตำบลขอนแก่น
05072,โรงพยาบาลส่งเสริมสุขภาพตำบลบ้านนาโพธิ์
05075,โรงพยาบาลส่งเสริมสุขภาพตำบลบ้านหนองแวง
05443,โรงพยาบาลส่งเสริมสุขภาพตำบลธาตุเชิงชุม
05444,โรงพยาบาลส่งเสริมสุขภาพตำบลบ้านโคกเลาะ ตำบลขมิ้น
05445,โรงพยาบาลส่งเสริมสุขภาพตำบลบ้านดงมะไฟสามัคคี ตำบลขมิ้น
05446,โรงพยาบาลส่งเสริมสุขภาพตำบลบ้านทับสอ ตำบลงิ้วด่อน
05447,โรงพยาบาลส่งเสริมสุขภาพตำบลบ้านคูสนาม ตำบลงิ้วด่อน
05448,โรงพยาบาลส่งเสริมสุขภาพตำบลบ้านโนนหอม ตำบลโนนหอม
05449,โรงพยาบาลส่งเสริมสุขภาพตำบลบ้านหนองสนม ตำบลเชียงเครือ
05450,โรงพยาบาลส่งเสริมสุขภาพตำบลบ้านเชียงเครือวัดใหญ่ ตำบลเชียงเครือ
05451,โรงพยาบาลส่งเสริมสุขภาพตำบลบ้านส่างแก้วสมานมิตร ตำบลท่าแร่
05452,โรงพยาบาลส่งเสริมสุขภาพตำบลบ้านม่วงลาย ตำบลม่วงลาย
05453,โรงพยาบาลส่งเสริมสุขภาพตำบลบ้านแมด ตำบลดงชน
05454,โรงพยาบาลส่งเสริมสุขภาพตำบลบ้านนาขาม ตำบลห้วยยาง
05455,โรงพยาบาลส่งเสริมสุขภาพตำบลบ้านนาคำ ตำบลห้วยยาง
05456,โรงพยาบาลส่งเสริมสุขภาพตำบลบ้านพังขว้างใต้ ตำบลพังขว้าง
05457,โรงพยาบาลส่งเสริมสุขภาพตำบลบ้านดงขุมข้าว ตำบลพังขว้าง
05459,โรงพยาบาลส่งเสริมสุขภาพตำบลบ้านดงพัฒนา ตำบลธาตุนาเวง
05458,โรงพยาบาลส่งเสริมสุขภาพตำบลบ้านดงมะไฟ ตำบลดงมะไฟ
05460,โรงพยาบาลส่งเสริมสุขภาพตำบลบ้านหนองปลาน้อย ตำบลเหล่าปอแดง
05461,โรงพยาบาลส่งเสริมสุขภาพตำบลบ้านหนองลาดใต้ ตำบลหนองลาด
05462,โรงพยาบาลส่งเสริมสุขภาพตำบลบ้านดอนแคนใต้ ตำบลหนองลาด
05464,โรงพยาบาลส่งเสริมสุขภาพตำบลบ้านโคกก่องใหญ่ ตำบลโคกก่อง
05465,โรงพยาบาลส่งเสริมสุขภาพตำบลบ้านบอน ตำบลนาโพธิ์
05463,โรงพยาบาลส่งเสริมสุขภาพตำบลบ้านฮางโฮง ตำบลฮางโฮง
05466,โรงพยาบาลส่งเสริมสุขภาพตำบลบ้านนาเพียงใหม่ ตำบลนาเพียง
05467,โรงพยาบาลส่งเสริมสุขภาพตำบลบ้านโพธิไพศาล ตำบลโพธิไพศาล
05468,โรงพยาบาลส่งเสริมสุขภาพตำบลบ้านหนองบัวสร้าง ตำบลอุ่มจาน
05469,โรงพยาบาลส่งเสริมสุขภาพตำบลบ้านแสนพัน ตำบลอุ่มจาน
05470,โรงพยาบาลส่งเสริมสุขภาพตำบลบ้านกุดแฮดสามัคคี ตำบลกุดบาก
05471,โรงพยาบาลส่งเสริมสุขภาพตำบลบ้านโพนงาม ตำบลนาม่อง
05472,โรงพยาบาลส่งเสริมสุขภาพตำบลบ้านดงนิมิต ตำบลนาม่อง
05473,โรงพยาบาลส่งเสริมสุขภาพตำบลบ้านค้อน้อย ตำบลกุดไห
05474,โรงพยาบาลส่งเสริมสุขภาพตำบลบ้านวังยาง ตำบลวังยาง
05475,โรงพยาบาลส่งเสริมสุขภาพตำบลบ้านพอกน้อยพัฒนา ตำบลพอกน้อย
05476,โรงพยาบาลส่งเสริมสุขภาพตำบลบ้านโนนเรือ ตำบลนาหัวบ่อ
05477,โรงพยาบาลส่งเสริมสุขภาพตำบลบ้านไฮ่ ตำบลไร่
05478,โรงพยาบาลส่งเสริมสุขภาพตำบลบ้านช้างมิ่งพัฒนา ตำบลช้างมิ่ง
05479,โรงพยาบาลส่งเสริมสุขภาพตำบลบ้านหนองโดก ตำบลช้างมิ่ง
05480,โรงพยาบาลส่งเสริมสุขภาพตำบลบ้านศรีวงศ์ทอง ตำบลช้างมิ่ง
05482,โรงพยาบาลส่งเสริมสุขภาพตำบลบ้านผักคำภู ตำบลนาใน
05481,โรงพยาบาลส่งเสริมสุขภาพตำบลบ้านหนองผือ ตำบลนาใน
05483,โรงพยาบาลส่งเสริมสุขภาพตำบลบ้านบัวใหญ่ ตำบลสว่าง
05484,โรงพยาบาลส่งเสริมสุขภาพตำบลบ้านบะฮีเหนือ ตำบลบะฮี
05485,โรงพยาบาลส่งเสริมสุขภาพตำบลบ้านนาขาม ตำบลเชิงชุม
05486,โรงพยาบาลส่งเสริมสุขภาพตำบลบ้านดง ตำบลม่วงไข่
05487,โรงพยาบาลส่งเสริมสุขภาพตำบลบ้านแร่ ตำบลแร่
05488,โรงพยาบาลส่งเสริมสุขภาพตำบลบ้านสุขเกษม ตำบลไฮหย่อง
05489,โรงพยาบาลส่งเสริมสุขภาพตำบลบ้านภูเงิน ตำบลไฮหย่อง
05490,โรงพยาบาลส่งเสริมสุขภาพตำบลบ้านต้นผึ้งใหม่พัฒนา ตำบลต้นผึ้ง
05491,โรงพยาบาลส่งเสริมสุขภาพตำบลบ้านโพนสวาง ตำบลต้นผึ้ง
05492,โรงพยาบาลส่งเสริมสุขภาพตำบลบ้านตาดโพนไผ่ ตำบลวาริชภูมิ
05494,โรงพยาบาลส่งเสริมสุขภาพตำบลบ้านหนองท่ม ตำบลปลาโหล
05493,โรงพยาบาลส่งเสริมสุขภาพตำบลบ้านปลาโหล ตำบลปลาโหล
05495,โรงพยาบาลส่งเสริมสุขภาพตำบลบ้านดอนยาวใหญ่ ตำบลหนองลาด
05496,โรงพยาบาลส่งเสริมสุขภาพตำบลบ้านจำปาทอง ตำบลหนองลาด
05497,โรงพยาบาลส่งเสริมสุขภาพตำบลบ้านคำบิด ตำบลคำบ่อ
05498,โรงพยาบาลส่งเสริมสุขภาพตำบลบ้านภูวงน้อย ตำบลคำบ่อ
05499,โรงพยาบาลส่งเสริมสุขภาพตำบลบ้านดอนส้มโฮง  ตำบลค้อเขียว
05500,โรงพยาบาลส่งเสริมสุขภาพตำบลบ้านนาคำ ตำบลนิคมน้ำอูน
05501,โรงพยาบาลส่งเสริมสุขภาพตำบลบ้านหนองบัวบาน ตำบลหนองบัว
05502,โรงพยาบาลส่งเสริมสุขภาพตำบลบ้านโนนสุวรรณ ตำบลสุวรรณคาม
05503,โรงพยาบาลส่งเสริมสุขภาพตำบลบ้านปานเจริญ ตำบลเดื่อศรีคันไชย
05504,โรงพยาบาลส่งเสริมสุขภาพตำบลบ้านคำหมูน ตำบลเดื่อศรีคันไชย
05505,โรงพยาบาลส่งเสริมสุขภาพตำบลบ้านขัวก่าย  ตำบลขัวก่าย
05506,โรงพยาบาลส่งเสริมสุขภาพตำบลบ้านโพนแพง ตำบลหนองสนม
05507,โรงพยาบาลส่งเสริมสุขภาพตำบลบ้านทุ่งโพธิ์ ตำบลหนองสนม
05508,สถานีอนามัยเฉลิมพระเกียรติ 60 พรรษา นวมินทราชินี
05509,โรงพยาบาลส่งเสริมสุขภาพตำบลบ้านโนนแต้ ตำบลธาตุ
05510,โรงพยาบาลส่งเสริมสุขภาพตำบลบ้านหนองฮาง ตำบลธาตุ
05511,โรงพยาบาลส่งเสริมสุขภาพตำบลบ้านห้วยหิน ตำบลหนองแวง
05512,โรงพยาบาลส่งเสริมสุขภาพตำบลบ้านโนนอุดม ตำบลศรีวิชัย
05513,โรงพยาบาลส่งเสริมสุขภาพตำบลบ้านนาซอ ตำบลนาซอ
05514,โรงพยาบาลส่งเสริมสุขภาพตำบลบ้านแสงเจริญ ตำบลอินทร์แปลง
05515,โรงพยาบาลส่งเสริมสุขภาพตำบลบ้านนาคำ ตำบลนาคำ
05516,โรงพยาบาลส่งเสริมสุขภาพตำบลบ้านคอนสาย ตำบลคอนสวรรค์
05517,โรงพยาบาลส่งเสริมสุขภาพตำบลบ้านจำปาดง ตำบลกุดเรือคำ
05518,โรงพยาบาลส่งเสริมสุขภาพตำบลบ้านหนองแวง ตำบลหนองแวงใต้
05519,โรงพยาบาลส่งเสริมสุขภาพตำบลบ้านเพีย ตำบลหนองบัวสิม
05520,โรงพยาบาลส่งเสริมสุขภาพตำบลบ้านโพธิ์ชัย ตำบลหนองบัวสิม
05521,โรงพยาบาลส่งเสริมสุขภาพตำบลบ้านหนองพอกใหญ่ ตำบลนาแต้
05522,โรงพยาบาลส่งเสริมสุขภาพตำบลบ้านดงอีบ่าง ตำบลนาแต้
05523,โรงพยาบาลส่งเสริมสุขภาพตำบลบ้านแพด ตำบลแพด
05525,โรงพยาบาลส่งเสริมสุขภาพตำบลบ้านดงห้วยเปลือย ตำบลดงหม้อทอง
05528,โรงพยาบาลส่งเสริมสุขภาพตำบลบ้านห้วยหลัว  ตำบลห้วยหลัว
05529,โรงพยาบาลส่งเสริมสุขภาพตำบลบ้านสุขสำราญ ตำบลโนนสะอาด
05530,โรงพยาบาลส่งเสริมสุขภาพตำบลบ้านหนองกวั่ง ตำบลหนองกวั่ง
05532,โรงพยาบาลส่งเสริมสุขภาพตำบลบ้านนายอเหนือ ตำบลอากาศ
05533,โรงพยาบาลส่งเสริมสุขภาพตำบลบ้านกลาง  ตำบลโพนแพง
05534,โรงพยาบาลส่งเสริมสุขภาพตำบลบ้านกุดจอกใหญ่ ตำบลวาใหญ่
05535,โรงพยาบาลส่งเสริมสุขภาพตำบลบ้านวาใหญ่ ตำบลวาใหญ่
05536,โรงพยาบาลส่งเสริมสุขภาพตำบลบ้านโพนงาม ตำบลโพนงาม
05537,โรงพยาบาลส่งเสริมสุขภาพตำบลบ้านท่าก้อน  ตำบลท่าก้อน
05538,โรงพยาบาลส่งเสริมสุขภาพตำบลบ้านดอนแดง ตำบลท่าก้อน
05539,โรงพยาบาลส่งเสริมสุขภาพตำบลบ้านนาฮี  ตำบลนาฮี
05540,โรงพยาบาลส่งเสริมสุขภาพตำบลบ้านบะหว้า ตำบลบะหว้า
05541,โรงพยาบาลส่งเสริมสุขภาพตำบลบ้านหนองสามขา ตำบลสามัคคีพัฒนา
05542,โรงพยาบาลส่งเสริมสุขภาพตำบลบ้านคำสะอาดพัฒนา  ตำบลคำสะอาด
05543,โรงพยาบาลส่งเสริมสุขภาพตำบลบ้านต้าย  ตำบลบ้านต้าย
05544,โรงพยาบาลส่งเสริมสุขภาพตำบลบ้านบงเหนือ  ตำบลบงเหนือ
05545,โรงพยาบาลส่งเสริมสุขภาพตำบลบ้านยางชุม ตำบลโพนสูง
05546,โรงพยาบาลส่งเสริมสุขภาพตำบลบ้านโคกสี  ตำบลโคกสี
05547,โรงพยาบาลส่งเสริมสุขภาพตำบลบ้านตาล ตำบลโคกสี
05548,โรงพยาบาลส่งเสริมสุขภาพตำบลบ้านหนองหลวง ตำบลหนองหลวง
05549,โรงพยาบาลส่งเสริมสุขภาพตำบลบ้านบงใต้ ตำบลบงใต้
05550,โรงพยาบาลส่งเสริมสุขภาพตำบลบ้านบ่อร้าง ตำบลบงใต้
05551,สถานีอนามัยเฉลิมพระเกียรติ 60 พรรษา นวมินทราชินี
05552,โรงพยาบาลส่งเสริมสุขภาพตำบลบ้านพันนา ตำบลพันนา
05553,โรงพยาบาลส่งเสริมสุขภาพตำบลบ้านสร้างแป้น ตำบลแวง
05554,โรงพยาบาลส่งเสริมสุขภาพตำบลบ้านทรายมูล ตำบลทรายมูล
05555,โรงพยาบาลส่งเสริมสุขภาพตำบลบ้านตาลโกน ตำบลตาลโกน
05556,โรงพยาบาลส่งเสริมสุขภาพตำบลบ้านโคกสุวรรณ ตำบลตาลโกน
05557,โรงพยาบาลส่งเสริมสุขภาพตำบลบ้านตาลเนิ้ง ตำบลตาลเนิ้ง
05558,โรงพยาบาลส่งเสริมสุขภาพตำบลบ้านนาเตียง ตำบลตาลเนิ้ง
05559,โรงพยาบาลส่งเสริมสุขภาพตำบลบ้านธาตุ ตำบลธาตุทอง
05560,โรงพยาบาลส่งเสริมสุขภาพตำบลบ้านนาถ่อน ตำบลบ้านถ่อน
05561,โรงพยาบาลส่งเสริมสุขภาพตำบลบ้านท่าศิลา ตำบลท่าศิลา
05562,โรงพยาบาลส่งเสริมสุขภาพตำบลบ้านชัยชนะ ตำบลท่าศิลา
05563,โรงพยาบาลส่งเสริมสุขภาพตำบลบ้านวัฒนา ตำบลวัฒนา
05564,โรงพยาบาลส่งเสริมสุขภาพตำบลบ้านหนองแวง ตำบลปทุมวาปี
05565,โรงพยาบาลส่งเสริมสุขภาพตำบลบ้านโพนปลาโหล ตำบลเต่างอย
05566,โรงพยาบาลส่งเสริมสุขภาพตำบลบ้านดงหลวง ตำบลบึงทวาย
05567,โรงพยาบาลส่งเสริมสุขภาพตำบลบ้านคำข่า ตำบลนาตาล
05568,โรงพยาบาลส่งเสริมสุขภาพตำบลบ้านนาหลวง ตำบลจันทร์เพ็ญ
05569,โรงพยาบาลส่งเสริมสุขภาพตำบลบ้านห้วยหีบรุ่งอรุณ ตำ
05570,โรงพยาบาลส่งเสริมสุขภาพตำบลบ้านโพนค้อ ตำบลเหล่าโพ
05571,โรงพยาบาลส่งเสริมสุขภาพตำบลบ้านม่วงไข่น้อย ตำบลด่
05572,โรงพยาบาลส่งเสริมสุขภาพตำบลบ้านโคกนาดี ตำบลแมดนาท
05573,โรงพยาบาลส่งเสริมสุขภาพตำบลบ้านโพนทองวัฒนา ตำบลแม
05574,โรงพยาบาลส่งเสริมสุขภาพตำบลบ้านกุดนาขาม ตำบลเจริญศิลป์
05575,โรงพยาบาลส่งเสริมสุขภาพตำบลบ้านเหล่า ตำบลบ้านเหล่า
05576,โรงพยาบาลส่งเสริมสุขภาพตำบลบ้านหนองแวง ตำบลบ้านเหล่า
05577,โรงพยาบาลส่งเสริมสุขภาพตำบลบ้านดอนสร้างไพร ตำบลทุ่งแก
05578,โรงพยาบาลส่งเสริมสุขภาพตำบลบ้านโคกศิลา ตำบลโคกศิลา
05579,โรงพยาบาลส่งเสริมสุขภาพตำบลบ้านดงสง่า ตำบลหนองแปน
05580,โรงพยาบาลส่งเสริมสุขภาพตำบลบ้านใหม่ไชยา ตำบลบ้านโพน
05581,โรงพยาบาลส่งเสริมสุขภาพตำบลบ้านใหม่หนองผือ ตำบลนาแก้ว
05582,โรงพยาบาลส่งเสริมสุขภาพตำบลบ้านนาแก้วน้อย ตำบลนาแก้ว
05584,โรงพยาบาลส่งเสริมสุขภาพตำบลบ้านน้ำพุ ตำบลบ้านแป้น
05589,โรงพยาบาลส่งเสริมสุขภาพตำบลบ้านชมภูพานเหนือ  ตำบลสร้างค้อ
05587,โรงพยาบาลส่งเสริมสุขภาพตำบลบ้านต้อน ตำบลสร้างค้อ
05585,โรงพยาบาลส่งเสริมสุขภาพตำบลบ้านโพนบก ตำบลบ้านแป้น
05583,โรงพยาบาลส่งเสริมสุขภาพตำบลบ้านโพนแคน้อย ตำบลนาตงวัฒนา
05586,โรงพยาบาลส่งเสริมสุขภาพตำบลบ้านโนนสามัคคี ตำบลเชียงสือ
05588,โรงพยาบาลส่งเสริมสุขภาพตำบลบ้านนายอ ตำบลสร้างค้อ
05590,โรงพยาบาลส่งเสริมสุขภาพตำบลบ้านหลุบเลา ตำบลหลุบเลา
05591,โรงพยาบาลส่งเสริมสุขภาพตำบลบ้านฮ่องสิม ตำบลหลุบเลา
05592,โรงพยาบาลส่งเสริมสุขภาพตำบลบ้านนางเติ่ง ตำบลโคกภู
05593,โรงพยาบาลส่งเสริมสุขภาพตำบลบ้านบ่อเดือนห้า ตำบลโคกภู
05594,โรงพยาบาลส่งเสริมสุขภาพตำบลบ้านกกปลาซิว ตำบลกกปลาซิว
05647,"โพนทอง บ้านโคกพะธาย หมู่ที่ 06,สอ."
05707,"บ้านข่า บ้านข่า หมู่ที่ 01,สอ."
06486,โรงพยาบาลส่งเสริมสุขภาพตำบลบัวใหญ่
06533,โรงพยาบาลส่งเสริมสุขภาพตำบลบ้านงิ้ว
06539,โรงพยาบาลส่งเสริมสุขภาพตำบลพระพุทธบาท
06726,โรงพยาบาลส่งเสริมสุขภาพตำบลโรงช้าง
06889,รพ.สต.กลางแดด โทร.056-802560
06890,รพ.สต. บ้านเกรียงไกร
06891,รพ.สต.บ้านเกรียงไกรใต้
06892,รพ.สต.บ้านบึงบอระเพ็ด
06893,รพ.สต.บ้านเกาะหงษ์
06894,รพสต.บ้านท่าทอง
06895,รพ.สต.บ้านหนองแก่ง
06896,รพ.สต.บ้านน้ำกลัด
06897,รพ.สต.บ้านวัดไทร
06898,รพ.สต.บ้านบางม่วง
06899,รพ.สต.บ้านมะเกลือ
06900,รพ.สต.บ้านบึงน้ำใส
06901,รพ.สต.บ้านแก่ง
06902,รพ.สต.บ้านพระนอน
06903,รพ.สต.บ้านหัวคลัก
06904,รพ.สต.บ้านสันติธรรม
06905,รพ.สต.เฉลิมพระเกียรติ 60 พรรษา
06906,รพ.สต.บ้านศรีอุทุมพร
06907,รพสต.บ้านหนองตะคลอง
06908,รพ.สต.บ้านหนองกระโดน
06909,รพ.สต.บ้านหนองปลิง
06910,รพ.สต.บ้านสันพิง
06933,รพ.สต.บ้านหนองไผ่
06936,รพ.สต.บ้านธารทหาร ต.ธารทหาร หมู่ที่ 03
06937,โรงพยาบาลส่งเสริมสุขภาพตำบลห้วยร่วม
06938,"ห้วยร่วม บ้านเกาะแก้ว หมู่ที่ 10,สอ."
06942,"ทุ่งทอง บ้านเหมืองแร่ หมู่ที่ 02,สอ."
06943,รพ.สต.บ้านหนองดู่ ม. 5 ต.ทุ่งทอง
06964,"มหาโพธิ บ้านท่ากระดังงา หมู่ที่ 03,สอ."
06965,โรงพยาบาลส่งเสริมสุขภาพตำบลบ้านหนองเต่าใต้
06966,รพ.สต.บ้านเขาดิน
06968,รพ.สต.บ้านหนองแพงพวย
06969,"รพ.ส่งเสริมสุขภาพตำบลหัวดง บ้านหัวดง หมู่ที่ 11,สอ."
06985,โรงพยาบาลส่งเสริมสุขภาพตำบลบ้านพนมรอก
06986,โรงพยาบาลส่งเสริมสุขภาพตำบลบ้านหัวถนนใต้
06988,โรงพยาบาลส่งเสริมสุขภาพตำบลบ้านสายลำโพงเหนือ
06992,โรงพยาบาลส่งเสริมสุขภาพตำบลบ้านตุ๊กแก
06993,โรงพยาบาลส่งเสริมสุขภาพตำบลบ้านเขาล้อ
06999,รพ.สต. รพ.สต.บ้านหนองหลวง
07003,"รพ.สต.บ้านหนองไผ่ หมู่ที่ 16,รพ.สต."
07006,"ตะคร้อ บ้านตะคร้อ หมู่ที่ 17,รพ.สต."
07007,"ตะคร้อ บ้านเนินสาร หมู่ที่ 11,สอ."
07008,"โพธิ์ประสาท บ้านบ่อไทยสามัคคี หมู่ที่ 01,สอ."
07009,"โพธิ์ประสาท บ้านโพธิ์ประสาท หมู่ที่ 05,สอ."
07010,"วังข่อย บ้านวังข่อย หมู่ที่ 01,สอ."
07011,"วังข่อย บ้านกระทุ่มทอง หมู่ที่ 02,สอ."
07012,"นาขอม บ้านนาขอม หมู่ที่ 01,สอ."
07013,"นาขอม บ้านเขาใหญ่ หมู่ที่ 03,สอ."
07014,"นาขอม บ้านหนองหญ้าขาว หมู่ที่ 05,สอ.ต."
07028,รพ.สต.บ้านลาดยาว
07029,รพ.สต.บ้านโรงสีใหม่
07030,รพ.สต.บ้านสะเดาซ้าย
07031,รพ.สต.บ้านเกาะเปา
07032,รพ.สต.บ้านหนองไผ่
07034,โรงพยาบาลส่งเสริมสุขภาพตำบลบ้านมาบแก
07033,รพ.สต.บ้านหนองจิกรี
07035,รพ.สต.บ้านหนองยาว
07036,รพ.สต.บ้านหนองนมวัว
07037,รพ.สต.บ้านบึงหล่ม
07038,รพ.สต.บ้านหนองยาง
07039,รพ.สต.บ้านหนองบอนใต้
07040,รพ.สต.บ้านหนองไร่
07041,รพ.สต.บ้านหนองสังข์
07042,รพ.สต.บ้านศาลเจ้าไก่ต่อ
07043,รพ.สต.บ้านบุรีรัมย์
07044,รพ.สต.บ้านหนองโขมง
07056,โรงพยาบาลส่งเสริมสุขภาพตำบล บ้านวังซ่าน
07063,โรงพยาบาลส่งเสริมสุขภาพตำบลบ้านลานหมาไน
07065,โรงพยาบาลส่งเสริมสุขภาพตำบลน้ำซึม
07069,โรงพยาบาลส่งเสริมสุขภาพตำบลเกาะเทโพ
07084,โรงพยาบาลส่งเสริมสุขภาพตำบลหนองกระทุ่ม
07087,สอ. ตลุกดู่ บ้านหนองแฟบ หมู่ที่ 07
07092,รพสต. ไผ่เขียว หมู่ที่ 05
07093,สอ. ไผ่เขียว บ้านทุ่งมน บ้านทุ่งยาว หมู่ที่ 09
07118,โรงพยาบาลส่งเสริมสุขภาพตำบลทัพหลวง
07123,รพ.สต.คอกควาย
07134,สอ. ลานสัก บ้านร่องตาที หมู่ที่ 06
07128,โรงพยาบาลส่งเสริมสุขภาพตำบลหนองจอก
07135,สถานีอนามัยเฉลิมพระเกียรติ 60 พรรษา นวมินทราชินี
07136,สอ. ป่าอ้อ บ้านซับป่าพลู หมู่ที่ 06
07138,โรงพยาบาลส่งเสริมสุขภาพตำบลบ้านท่ามะนาว  ตำบลระบำ
07139,สอ. ระบำ บ้านพงใหญ่ หมู่ที่ 06
07140,สอ. น้ำรอบ บ้านน้ำรอบ หมู่ที่ 01
07141,สอ. น้ำรอบ บ้านบึงแห้ง หมู่ที่ 06
07614,โรงพยาบาลส่งเสริมสุขภาพตำบลโรงช้าง
08021,รพ.สต.บ้านทับศิลา ตำบลช่องสะเดา
08035,โรงพยาบาลส่งเสริมสุขภาพตำบลบ้านช่องอ้ายกาง ตำบลลุ
08036,โรงพยาบาลส่งเสริมสุขภาพตำบล บ้านท่าเสา ตำบลท่าเสา
08038,โรงพยาบาลส่งเสริมสุขภาพตำบลบ้านท่ากิเลน ตำบลสิงห์
08039,โรงพยาบาลส่งเสริมสุขภาพตำบลบ้านหนองปลา ตำบลวังกระ
08040,โรงพยาบาลส่งเสริมสุขภาพตำบลบ้านแก่งระเบิด ตำบลวัง
08041,รพ.สต.บ้านทุ่งเรือโกลน ตำบลศรีมงคล
08042,โรงพยาบาลส่งเสริมสุขภาพตำบลบ้านบ้องตี้ ตำบลบ้องตี
08061,โรงพยาบาลส่งเสริมสุขภาพตำบลบ้านหนองพันท้าว ตำบลพง
08062,โรงพยาบาลส่งเสริมสุขภาพตำบลบ้านยางม่วง ตำบลยางม่ว
08063,โรงพยาบาลส่งเสริมสุขภาพตำบล บ้านดอนชะเอม ตำบลดอนชะ
08064,โรงพยาบาลส่งเสริมสุขภาพตำบลบ้านกระต่ายเต้น ตำบลท่
08065,โรงพยาบาลส่งเสริมสุขภาพตำบลบ้านสำนักคร้อ ตำบลตะคร
08066,โรงพยาบาลส่งเสริมสุขภาพตำบล บ้านเขาตะพั้น ตำบลโคกต
08067,โรงพยาบาลส่งเสริมสุขภาพตำบล บ้านโพธิ์เย็น ตำบลดอนข
08068,โรงพยาบาลส่งเสริมสุขภาพตำบลบ้านอุโลกสี่หมื่น ตำบล
08069,โรงพยาบาลส่งเสริมสุขภาพตำบลบ้านเขาช่อง ตำบลเขาสาม
08070,โรงพยาบาลส่งเสริมสุขภาพตำบล บ้านพระแท่น ตำบลพระแท่
08071,โรงพยาบาลส่งเสริมสุขภาพตำบลบ้านหวายเหนียว ตำบลหวา
08072,โรงพยาบาลส่งเสริมสุขภาพตำบลบ้านแสนตอ ตำบลแสนตอ
08073,โรงพยาบาลส่งเสริมสุขภาพตำบลบ้านสนามแย้ ตำบลสนามแย
08074,โรงพยาบาลส่งเสริมสุขภาพตำบล บ้านท่าเสา ตำบลท่าเสา
08075,โรงพยาบาลส่งเสริมสุขภาพตำบลหนองลาน
08076,โรงพยาบาลส่งเสริมสุขภาพตำบล โรงพยาบาลส่งเสริมสุขภา
08077,สถานีอนามัยเฉลิมพระเกียรติ 60 พรรษา นวมินทราชินี
08078,โรงพยาบาลส่งเสริมสุขภาพตำบลบ้านเขาดิน ตำบลท่าล้อ
08079,โรงพยาบาลส่งเสริมสุขภาพตำบล โรงพยาบาลส่งเสริมสุขภา
08083,โรงพยาบาลส่งเสริมสุขภาพตำบล บ้านสระเศรษฐี ตำบลบ้าน
08086,โรงพยาบาลส่งเสริมสุขภาพตำบลบ้านท่าตะคร้อ ตำบลท่าต
08104,โรงพยาบาลส่งเสริมสุขภาพตำบลบ้านใหม่พัฒนา ตำบลหนอง
08089,โรงพยาบาลส่งเสริมสุขภาพตำบลนพกิจโกศล ตำบลหนองตากย
08088,สอ. โรงพยาบาลส่งเสริมสุขภาพตำบลบ้านหนองตากยา ตำบลห
08103,โรงพยาบาลส่งเสริมสุขภาพตำบลบ้านเวียกะดี้ ตำบลหนอง
08106,โรงพยาบาลส่งเสริมสุขภาพตำบลบ้านพระเจดีย์สามองค์ ต
08105,โรงพยาบาลส่งเสริมสุขภาพตำบลบ้านซองกาเรีย ตำบลหนอง
08107,โรงพยาบาลส่งเสริมสุขภาพตำบลบ้านยางขาว ตำบลปรังเผล
08288,โรงพยาบาลส่งเสริมสุขภาพตำบล สถานีอนามัยเฉลิมพระเกี
08499,"หนองบัว บ้านกลางคลอง หมู่ที่ 02,สอ."
09121,โรงพยาบาลส่งเสริมสุขภาพตำบลลำแก่น
09122,โรงพยาบาลส่งเสริมสุขภาพตำบลเกาะแก้ว
09125,โรงพยาบาลส่งเสริมสุขภาพตำบลบ้านแหลมชั่น
09192,โรงพยาบาลเกาะเต่า
10016,"บุดี บ้านบุดี หมู่ที่ 01,สอ."
10021,"ท่าสาป บ้านท่าสาป หมู่ที่ 01,สอ."
10017,"บุดี บ้านปารามีแต หมู่ที่ 07,สอ."
10024,"ลำพระยา บ้านทำเนียบ หมู่ที่ 04,สอ."
10025,"เปาะเส้ง บ้านเนียง หมู่ที่ 04,สอ."
10027,"บันนังสาเรง บ้านบันนังบูโย หมู่ที่ 02,สอ."
10028,รพ.สต.สะเตงนอก หมู่ที่ 06
10041,โรงพยาบาลส่งเสริมสุขภาพตำบลบ้านทำนบ
10042,"ถ้ำทะลุ บ้านบันนังบูโบ หมู่ที่ 03,สอ."
10075,โรงพยาบาลส่งเสริมสุขภาพตำบลบือมัง
10081,"บาละ บ้านคลองน้ำใส หมู่ที่ 02,สอ."
10080,"กาบัง บ้านบันนังดามา หมู่ที่ 01,สอ."
10083,"บาละ บ้านบาละ หมู่ที่ 09,สอ."
10199,รพ.สต.คลองปลาโด 09 ต.ท่าแยก อ.เมือง
10205,รพ.สต.บ้านคลองคันโท
10206,โรงพยาบาลส่งเสริมสุขภาพตำบลบ้านท่าช้าง
10229,รพ.สต.ค้อ
10660,รพ.พระนครศรีอยุธยา
10500,โรงพยาบาลกรุงเทพคริสเตียน
10661,โรงพยาบาลสระบุรี
10662,โรงพยาบาลชลบุรี
10663,โรงพยาบาลระยอง
10664,โรงพยาบาลพระปกเกล้า
10665,โรงพยาบาลเจ้าพระยาอภัยภูเบศร
10666,โรงพยาบาลมหาราชนครราชสีมา
10667,โรงพยาบาลบุรีรัมย์
10668,รพศ.สุรินทร์
10669,โรงพยาบาลสรรพสิทธิประสงค์
10670,โรงพยาบาลขอนแก่น
10671,โรงพยาบาลอุดรธานี
10672,โรงพยาบาลลำปาง
10673,โรงพยาบาลอุตรดิตถ์
10674,โรงพยาบาลเชียงรายประชานุเคราะห์
10675,โรงพยาบาลสวรรค์ประชารักษ์
10676,โรงพยาบาลพุทธชินราช(Covid-19)
10677,โรงพยาบาลราชบุรี
10678,โรงพยาบาลเจ้าพระยายมราช
10679,โรงพยาบาลนครปฐม
10679A,โรงพยาบาลนครปฐม อุทยานการอาชีพชัยพัฒนา จังหวัดนครปฐม กองอำนวยการ องค์พระปฐมเจดีย์
10679B,โรงพยาบาลนครปฐม อุทยานการอาชีพชัยพัฒนา จังหวัดนครปฐม อาคารสิริวรปัญญา ม.ราชภัฎนครปฐม
10679C,โรงพยาบาลนครปฐม อุทยานการอาชีพชัยพัฒนา จังหวัดนครปฐม อุทยานการอาชีพชัยพัฒนา จังหวัดนครปฐม
10680,โรงพยาบาลมหาราชนครศรีธรรมราช
10681,โรงพยาบาลสุราษฎร์ธานี
10682,โรงพยาบาลหาดใหญ่
10682A,โรงพยาบาลหาดใหญ่ (เซ็นทรัลเฟสติวัล หาดใหญ่)
10683,โรงพยาบาลตรัง
10684,โรงพยาบาล ยะลา
10685,รพ.สมุทรปราการ
10686,พระนั่งเกล้า/รพ.
10687,โรงพยาบาล ปทุมธานี
10688,โรงพยาบาล เสนา
10691,โรงพยาบาล บ้านหมี่
10692,โรงพยาบาลทั่วไป สิงห์บุรี
10689,โรงพยาบาลอ่างทอง
10693,โรงพยาบาล อินทร์บุรี
10694,โรงพยาบาล ชัยนาทนเรนทร
10690,โรงพยาบาลพระนารายณ์มหาราช
10695,โรงพยาบาลพระพุทธบาท
10696,โรงพยาบาลตราด
10698,โรงพยาบาล นครนายก
10697,โรงพยาบาลพุทธโสธร
10699,โรงพยาบาลสมเด็จพระยุพราชสระแก้ว
10700,"ศรีสะเกษ,รพท."
10701,โรงพยาบาล ยโสธร
10702,โรงพยาบาลชัยภูมิ
10703,โรงพยาบาลอำนาจเจริญ
10704,โรงพยาบาลหนองบัวลำภู
10705,โรงพยาบาลเลย
10707,โรงพยาบาลมหาสารคาม
10706,โรงพยาบาลหนองคาย
10708,โรงพยาบาลศูนย์  โรงพยาบาลร้อยเอ็ด
10709,โรงพยาบาลกาฬสินธุ์
10710,โรงพยาบาลสกลนคร
10710A,โรงพยาบาลสกลนคร หน่วยฉีดวัคซีน ห่วงใยไทสกล ละเบ๋อ (หอประชุมมหาวชิราลงกรณ์ มหาวิทยาลัยราชภัฎสกลนคร)
10710B,โรงพยาบาลสกลนคร โรงพยาบาลสกลนครฉีดสนาม
10711,โรงพยาบาลทั่วไป โรงพยาบาลนครพนม
10712,รพ.มุกดาหาร
10713,โรงพยาบาลนครพิงค์
10714,โรงพยาบาลลำพูน
10715,โรงพยาบาล แพร่
10716,โรงพยาบาลน่าน
10717,โรงพยาบาล พะเยา
10718,โรงพยาบาลเชียงคำ
10719,โรงพยาบาลศรีสังวาลย์
10720,โรงพยาบาลอุทัยธานี
10721,โรงพยาบาลกำแพงเพชร
10722,โรงพยาบาล สมเด็จพระเจ้าตากสินมหาราช
10723,โรงพยาบาลแม่สอด
10724,โรงพยาบาลสุโขทัย
10725,โรงพยาบาลศรีสังวรสุโขทัย
10726,โรงพยาบาลทั่วไป โรงพยาบาลพิจิตร
10727,โรงพยาบาลทั่วไป โรงพยาบาลเพชรบูรณ์
10728,ดำเนินสะดวก
10729,โรงพยาบาล บ้านโป่ง
10730,โรงพยาบาล โพธาราม
10731,โรงพยาบาลพหลพลพยุหเสนา
10732,โรงพยาบาล มะการักษ์
10733,โรงพยาบาลสมเด็จพระสังฆราช องค์ที่ 17
10734,โรงพยาบาล สมุทรสาคร
10735,โรงพยาบาลสมเด็จพระพุทธเลิศหล้า
10736,โรงพยาบาลพระจอมเกล้า จังหวัดเพชรบุรี
10737,โรงพยาบาลประจวบคีรีขันธ์
10738,โรงพยาบาลกระบี่
10739,โรงพยาบาลพังงา
10740,โรงพยาบาลตะกั่วป่า
10741,โรงพยาบาลวชิระภูเก็ต
10742,โรงพยาบาลเกาะสมุย
10743,โรงพยาบาล ระนอง
10744,โรงพยาบาลชุมพรเขตรอุดมศักดิ์
10745,โรงพยาบาลสงขลา
10747,โรงพยาบาลพัทลุง
10746,โรงพยาบาลสตูล
10749,โรงพยาบาล เบตง
10748,โรงพยาบาลปัตตานี
10750,โรงพยาบาลนราธิวาสราชนครินทร์
10751,โรงพยาบาล สุไหงโก-ลก
10752,โรงพยาบาลบางบ่อ
10753,โรงพยาบาลบางพลี
10754,โรงพยาบาลบางจาก
10760,รพช. ปากเกร็ด
10761,โรงพยาบาลคลองหลวง
10758,โรงพยาบาลบางบัวทอง
10756,รพ.บางกรวย
10757,โรงพยาบาลบางใหญ่
10755,โรงพยาบาลพระสมุทรเจดีย์
10754A,โรงพยาบาลบางจาก สวนสาธารณะเทศบาลเมืองลัดหลวงเฉลิมพระเกียรติ (ข้างวัดชมนิมิตร)
10759,รพ.ไทรน้อย
10762,โรงพยาบาลธัญบุรี
10763,โรงพยาบาลประชาธิปัตย์
10767,โรงพยาบาลสามโคก
10765,โรงพยาบาลลาดหลุมแก้ว
10766,โรงพยาบาลลำลูกกา
10764,โรงพยาบาลหนองเสือ
10768,รพช.ท่าเรือ
10769,รพช. สมเด็จพระสังฆราชเจ้า กรมหลวงชินวราลงกรณ(วาสนมหาเถร)
10770,โรงพยาบาลบางไทร
10771,โรงพยาบาลบางบาล
10772,โรงพยาบาลบางปะอิน
10773,โรงพยาบาลบางปะหัน
10774,โรงพยาบาลผักไห่
10775,โรงพยาบาลภาชี
10776,โรงพยาบาลลาดบัวหลวง
10777,โรงพยาบาลวังน้อย
10778,โรงพยาบาลบางซ้าย
10779,รพช. อุทัย
10780,รพช. มหาราช
10781,รพช. บ้านแพรก
10782,โรงพยาบาลไชโย
10784,ป่าโมก
10788,รพช.สามโก้
10789,โรงพยาบาลพัฒนานิคม
10785,โรงพยาบาลโพธิ์ทอง
10791,โรงพยาบาลชัยบาดาล
10790,โคกสำโรง
10787,วิเศษชัยชาญ
10786,โรงพยาบาลแสวงหา
10792,โรงพยาบาลท่าวุ้ง
10793,ท่าหลวง
10794,สระโบสถ์
10795,รพช. โคกเจริญ
10796,โรงพยาบาลลำสนธิ
10797,โรงพยาบาลหนองม่วง
10798,โรงพยาบาลบางระจัน
10801,โรงพยาบาลท่าช้าง
10799,โรงพยาบาลค่ายบางระจัน
10803,โรงพยาบาลวัดสิงห์
10800,โรงพยาบาลพรหมบุรี
10802,รพช. มโนรมย์
10804,โรงพยาบาลสรรพยา
10806,โรงพยาบาลหันคา
10805,โรงพยาบาลสรรคบุรี
10807,รพช. แก่งคอย
10809,รพช. วิหารแดง
10808,โรงพยาบาล หนองแค
10810,โรงพยาบาลหนองแซง
10815,โรงพยาบาลมวกเหล็ก
10814,โรงพยาบาล เสาไห้เฉลิมพระเกียรติ ๘๐ พรรษา
10825,โรงพยาบาลสัตหีบ กม.10
10816,โรงพยาบาลชุมชน โรงพยาบาลวังม่วง
10821,รพช. พานทอง
10820,โรงพยาบาลวัดญาณสังวราราม
10813,โรงพยาบาลหนองโดน
10818,รพช. หนองใหญ่
10812,รพ. ดอนพุด
10819,โรงพยาบาลบางละมุง
10811,รพช. บ้านหมอ
10817,โรงพยาบาลบ้านบึง
10824,รพช.เกาะสีชัง
10822,โรงพยาบาลพนัสนิคม
10823,โรงพยาบาลชุมชน โรงพยาบาลแหลมฉบัง
10827,โรงพยาบาลเฉลิมพระเกียรติสมเด็จพระเทพรัตนราชสุดาฯ ส
10826,โรงพยาบาลบ่อทอง
10828,โรงพยาบาลบ้านฉาง
10831,โรงพยาบาลบ้านค่าย
10833,รพ.ท่าตะเกียบ
10832,โรงพยาบาลปลวกแดง -  ห้างสรรพสินค้า CK พลาซ่า ปลวกแดง
10829,"แกลง,รพท."
10830,รพ.วังจันทร์
10834,รพช. ขลุง
10835,โรงพยาบาลท่าใหม่
10836,รพช. เขาสุกิม
10837,โรงพยาบาลสองพี่น้อง
10838,โรงพยาบาลโป่งน้ำร้อน
10839,โรงพยาบาลมะขาม
10840,โรงพยาบาลแหลมสิงห์
10841,สอยดาว
10842,โรงพยาบาลแก่งหางแมว
10844,เขาคิชฌกูฏ
10843,โรงพยาบาลนายายอาม
10845,คลองใหญ่
10846,รพช. เขาสมิง
10847,รพช. บ่อไร่
10848,รพช. แหลมงอบ
10849,โรงพยาบาลเกาะกูด
10850,โรงพยาบาลบางคล้า
10851,โรงพยาบาลบางน้ำเปรี้ยว
10852,โรงพยาบาลบางปะกง
10853,โรงพยาบาลบ้านโพธิ์
10854,โรงพยาบาลพนมสารคาม
10855,โรงพยาบาลสนามชัยเขต
10856,10856 รพ.แปลงยาว
10857,โรงพยาบาลทั่วไป โรงพยาบาลกบินทร์บุรี
10859,โรงพยาบาล บ้ า น ส ร้ า ง
10858,โรงพยาบาลนาดี
10860,โรงพยาบาลประจันตคาม
10861,โรงพยาบาลศรีมหาโพธิ
10862,โรงพยาบาลศรีมโหสถ
10863,รพช. ปากพลี
10864,โรงพยาบาลบ้านนา
10865,โรงพยาบาลองครักษ์
10866,โรงพยาบาลคลองหาด
10867,รพช. ตาพระยา
14636,โรงพยาบาลทั่วไปขนาดใหญ่เชียงใหม่ ราม
14637,สำนักงานป้องกันควบคุมโรคที่ 5จังหวัดราชบุรี
14641,โรงพยาบาลราชพิพัฒน์
14644,โรงพยาบาลจิตเวชเลยราชนครินทร์
14647,ศูนย์สุขภาพจิตที่ 5
14663,โรงพยาบาลส่งเสริมสุขภาพ ศูนย์อนามัยที่ 12
14683,โรงพยาบาลกรุงสยามเซนต์คาร์ลอส - เทศบาลบางคูวัด
14690,ศูนย์สุขภาพชุมชนเมือง 7 โคกกรวด
14689,โรงพยาบาล นอก สธ.โรงพยาบาลค่ายสุรสิงหนาถ
14697,ศูนย์แพทย์ชุมชนเมือง 13
14717,โรงพยาบาลจิตเวชสระแก้วราชนครินทร์
14721,โรงพยาบาลส่งเสริมสุขภาพตำบลบ้านดงคำโพธิ์ ตำบลปลาโหล
14850,"ยางขี้นก หมู่ที่ 02 ,สอ.ต."
14851,โรงพยาบาลส่งเสริมสุขภาพตำบลเหมือดแอ่
14862,โรงพยาบาลกองบิน7
14891,โรงพยาบาลส่งเสริมสุขภาพตำบลบ้านดงหม้อทอง ตำบลดงหม้อทองใต้
14900,โรงพยาบาลส่งเสริมสุขภาพตำบลบ้านน้ำวิ่ง
14901,โรงพยาบาลค่ายวิภาวดีรังสิต
14904,ศูนย์การแพทย์สมเด็จพระเทพรัตนราชสุดา ฯ สยามบรมราชกุมารี
14916,โรงพยาบาลทั่วไปขนาดกลางเชียงใหม่ฮอสพิทอล
14918,โรงพยาบาลค่ายเทพสตรีศรีสุนทร
14922,คณะทันตแพทย์ศาสตร์  มหาวิทยาลัยเชียงใหม่
14923,โรงพยาบาลมหาวชิราลงกรณธัญบุรี
14926,โรงพยาบาลอภิณพเวชกรรมโรงพยาบาลทั่วไปขนาดเล็ก
14928,โรงพยาบาลกองบิน ๒
14933,โรงพยาบาลค่ายเม็งรายมหาราช
14947,สถานีกาชาดที่ 2 สุขุมาลอนามัย
14948,โรงพยาบาลเมืองนารายณ์
14953,สำนักงานบรรเทาทุกข์และประชานามัยพิทักษ์
14955,สถาบันสุขภาพจิตเด็กและวัยรุ่นราชนครินทร์
14961,โรงพยาบาลกรุงเทพเพชรบุรีโรงพยาบาลทั่วไปขนาดใหญ่
14972,โรงพยาบาลมหาวิทยาลัยนเรศวร
15010,รพช.เจาะไอร้อง
15012,โรงพยาบาลสมเด็จพระญาณสังวร
15049,โรงพยาบาลสิรินธร
15079,ศสม.วัดช่องคีรีศรีสุทธิวราราม
15078,โรงพยาบาลมหาวิทยาลัยอุบลราชธานี
15080,ศสม.วัดจอมคีรีนาคพรต
15096,โรงพยาบาลการุญเวชอยุธยา
15131,รพ.สต.บ้านนกคลาน
15138,โรงพยาบาลเมืองสมุทรบางปูโรงพยาบาลทั่วไปขนาดเล็ก
15140,โรงพยาบาลค่ายขุนเจืองธรรมิกราช
15147,รพ.บางปะกอก 8
15147A,โรงพยาบาลบางปะกอก 8 โรงพยาบาลทั่วไปขนาดใหญ่ หน่วยฉีดวัคซีน-Big C บางบอน
15199,โรงพยาบาลคณะทันตแพทย์ศาสตร์ จุฬาลงกรณ์มหาวิทยาลัย
15219,โรงพยาบาลกรุงเทพระยอง
15243,ศูนย์บริการสาธารณสุขชุมชนหมู่บ้านสมชาย
15244,ศูนย์บริการสาธารณสุขชุมชนวัดแคนอก
15260,โรงพยาบาลสินแพทย์
18143,คลินิกโรคตา อ.เมืองจันทบุรี จ.จันทบุรี
21000,โรงพยาบาลทดสอบระบบ 21000
19506,คณะแพทยศาสตร์ จุฬาลงกรณ์มหาวิทยาลัย
21001,กระทรวงสาธารณสุข
21001A,กระทรวงสาธารณสุข 001
21289,รพ.สต.บ้านห้วยโจด
21323,โรงพยาบาลพระอาจารย์แบน  ธนากโร
21339,โรงพยาบาลบางปะกอก 9 อินเตอร์เนชั่นแนล
21343,รพ.สต.หัวดูน
21356,โรงพยาบาลสระใคร
21436,สำนักการแพทย์ - รพ.กลาง
21486,ศูนย์บริการสาธารณสุข 65 รักษาศุข บางบอน
21597,โรงพยาบาลบางกอก เมดิคอล ซอฟต์แวร์ จำกัด
21615,โรงพยาบาลกรุงเทพสมุย
21673,โรงพยาบาลซีจีเอช สายไหม โรงพยาบาลทั่วไปขนาดใหญ่
21771,โรงพยาบาลเทศบาลนครนครศรีธรรมราช
21809,กรมแพทย์ทหารเรือ
21810,กรมแพทย์ทหารอากาศ
21948,โรงพยาบาลชุมชน โรงพยาบาลห้วยกระเจา เฉลิมพระเกียรติ
21984,โรงพยาบาล๕๐ พรรษา มหาวชิราลงกรณ
21985,ศูนย์สุขภาพชุมชน สวรรค์ประชารักษ์
22127,โรงพยาบาลชลลดา
22155,โรงพยาบาลครู
22179,โรงพยาบาลกรุงไทย (Krungthai General Hospital)
22302,โรงพยาบาลพนมดงรักเฉลิมพระเกียรติ ๘๐ พรรษา
22326,โรงพยาบาลวิภาราม-ชัยปราการ
22339,โรงพยาบาลเดอะซีเนียร์ สาขารัชดาภิเษก
22343,โรงพยาบาลแพร่ราม
22424,ศูนย์สุขภาพชุมชนโรงพยาบาลชลประทาน
22456,รพช. พระทองคำเฉลิมพระเกียรติ ๘๐ พรรษา
22523,ฝ่ายแพทย์หลวงสวนจิตรลดา
22525,คลินิกศูนย์แพทย์พัฒนา
22536,สำนักงานแพทย์ทหาร
22537,กองแพทย์ สำนักงานสนับสนุน หน่วยบัญชาการทหารพัฒนา
22538,แผนกพยาบาล กอง 11 ศูนย์รักษาความปลอดภัย กองบัญชาการทหารสูงสุด
22615,โรงพยาบาลเอกชัย
22734,รพช. เขาชะเมาเฉลิมพระเกียรติ ๘o  พรรษา
22737,โรงพยาบาลจุฬาภรณ์ กทม.
22750,สถานพยาบาลเรือนจำกลางนครปฐม
22754,สถานพยาบาลเรือนจำกลางบางขวาง
22830,ศูนย์บริการสาธาารณสุข สถานพยาบาลเรือนจำอำเภอธัญบุร
22841,สถานพยาบาลทัณฑสถานบำบัดพิเศษจังหวัดปทุมธานี
22852,สถานพยาบาลทัณฑสถานบำบัดพิเศษหญิง
22864,ศูนย์บริการสาธารณสุข สถานพยาบาลสถานกักขังกลางจังหว
22930,โรงพยาบาลศูนย์การแพทย์วิชัยยุทธ
22952,ศูนย์การแพทย์กาญจนาภิเษก  มหาวิทยาลัยมหิดล
22953,รพ.สุทธาเวช คณะแพทยศาสตร์ มหาวิทยาลัยมหาสารคาม
23125,โรงพยาบาลเบญจลักษ์เฉลิมพระเกียรติ ๘๐ พรรษา
23161,รพ.สต.ขามใหญ่ อ.เมือง
23207,โรงพยาบาลเอกชล 2
23208,โรงพยาบาลรวมแพทย์ยโสธร โรงพยาบาลทั่วไปขนาดกลาง
23217,โรงพยาบาลส่งเสริมสุขภาพตำบลบ้านลาดกระเฌอ
23367,โรงพยาบาลนาวัง เฉลิมพระเกียรติ 80 พรรษา - ศูนย์ฉีดวัคซีน Covid19 วังปลาป้อม
23578,โรงพยาบาลแคนดง
23736,โรงพยาบาลวัดจันทร์ เฉลิมพระเกียรติ 80 พรรษา
23748,ศูนย์สุขภาพชุมชนเมืองสุขเกษม
23749,รพ.สต.ดงแสนสุข
23757,โรงพยาบาลชัยภูมิ-ราม
23760,สำนักวัณโรค
23762,โรงพยาบาลนวุติสมเด็จย่า
23771,โรงพยาบาลยี่งอเฉลิมพระเกียรติ ๘o พรรษา
23775,โรงพยาบาลพีรเวช
23780,โรงพยาบาลมนารมย์
23781,นวมินทร์ 9โรงพยาบาลทั่วไปขนาดใหญ่
23783,โรงพยาบาลเสรีรักษ์
23816,ศูนย์สุขภาพชุมชนเมืองร่มเกล้า
23821,มิตรไมตรีคลินิกเวชกรรม(สนามบินน้ำ)
23839,โรงพยาบาลเทพรัตน์นครราชสีมา
23875,โรงพยาบาลนครพัฒน์
23914,โรงพยาบาลปิยะเวชช์บ่อวิน
23924,โรงพยาบาลมหาชัย 3
23928,โรงพยาบาลกรุงเทพราชสีมา
23929,สถานพยาบาลศรีสุโข
23930,โรงพยาบาลทั่วไปขนาดใหญ่ศูนย์การแพทย์วิชัยยุทธ
23942,โรงพยาบาลชัยอรุณเวชการ
23956,โรงพยาบาลผิวหนังอโศก
23957,สถานพยาบาลพระราม 3
23962,โรงพยาบาลนิคมพัฒนา ระยอง
23963,หัวเฉียวสหคลินิก
23978,ศูนย์สุขภาพชุมชนนริศร
24032,นาตาล
24036,โรงพยาบาลบางนา 5
24037,โรงพยาบาลพญาไท นวมินทร์
24060,โรงพยาบาลมหาวิทยาลัยเทคโนโลยีสุรนารี
24120,คลินิกแพทย์แววดาว
24191,รพ.วิภารามปากเกร็ด
24196,คลินิกเวชกรรมชุมชนอบอุ่นปากช่อง 1
24640,โรงพยาบาลผู้ป่วยเรื้อรังขนาดเล็กเวลเนสแคร์
24673,โรงพยาบาลศรีนครินทร์(ปัญญานันทภิขุ)
24674,โรงพยาบาลมหาสารคามอินเตอร์เนชั่นแนล
24678,โรงพยาบาลองค์การบริหารส่วนจังหวัดภูเก็ต
24681,โรงพยาบาลราชธานีโรจนะ
24683,สำนักงานสาธารณสุขจังหวัดบึงกาฬ
24686,บริษัท โรงพยาบาลอินเตอร์เมดิคัล แคร์ แอนด์ แล็บ จำกัด มหาชน  (โรงพยาบาลอินเตอร์เมด)
24689,กรงปินัง
24692,โรงพยาบาลเฉลิมพระเกียรติ
24703,โรงพยาบาลเฉพาะทางแม่และเด็กแพทย์รังสิต โรงพยาบาลขนาดกลาง
24704,โรงพยาบาลกุดรัง
24706,ศูนย์บริการสุขภาพเทศบาลตำบลหนองป่าครั่ง
24747,ศูนย์บริการสาธารณสุขนครระยอง
24748,โรงพยาบาลศิริราช ปิยมหาราชการุณย์
24780,โรงพยาบาลกรุงเทพหัวหิน
24821,นาเยีย
24923,โรงพยาบาลสถาบันโรคไตภูมิราชนครินทร์
24956,เวียงหนองล่อง
24965,รพ.สต.ดงห่องแห่
25015,โรงพยาบาลทั่วไปขนาดใหญ่มิตรประชา
25017,โรงพยาบาลภูเพียง
25039,กองยุทธศาสตร์และแผนงาน
25058,โรงพยาบาลกู่แก้ว
25059,ประจักษ์ศิลปาคม
25060,โรงพยาบาลผู้สูงอายุบางขุนเทียน
27443,โรงพยาบาลวังเจ้า
27839,โรงพยาบาลบัวลาย
27840,รพช. สีดา
27841,โรงพยาบาลเทพารักษ์
27842,โรงพยาบาล เขวาสินรินทร์
27843,รพ. ศรีณรงค์
27844,รพช. โนนนารายณ์
27967,สว่างวีระวงศ์
27968,น้ำขุ่น
27974,โรงพยาบาลหนองมะโมง
27975,โรงพยาบาล เนินขาม
27976,เหล่าเสือโก้ก
27979,โรงพยาบาลบึงนาราง
27978,โรงพยาบาลสากเหล็ก
27980,โรงพยาบาลดงเจริญ
27983,สถานพยาบาลเวชกรรมเรืองโรจน์การแพทย์
27989,โรงพยาบาลเชียงขวัญ
27988,รพ.ทุ่งเขาหลวง
27990,โรงพยาบาลหนองฮี
28005,โรงพยาบาลเมืองพัทยา
28006,โรงพยาบาลเกาะจันทร์
28008,โรงพยาบาลริมลิฟวิ่งโรงพยาบาลทั่วไปขนาดกลาง
28010,โกสัมพีนคร
28014,"พยุห์,รพช."
28015,"โพธิ์ศรีสุวรรณ,รพช."
28016,"ศิลาลาด,รพ."
28017,โรงพยาบาลนาคู
28020,โรงพยาบาล บ้านด่าน
28778,โรงพยาบาลโพธิ์ตาก
28022,รพ.สต.ตำแย
28785,โรงพยาบาลบางเสาธง
28785B,โรงพยาบาลบางเสาธง สนามกีฬา กกท. เมืองใหม่บางพลี
28786,โรงพยาบาลมะนัง
28789,โรงพยาบาลฆ้องชัย
28790,โรงพยาบาลดอนจาน
28791,โรงพยาบาลสามชัย
28810,โรงพยาบาล เวิลด์ เมดิคอล เซ็นเตอร์
28811,โรงพยาบาลเฝ้าไร่
28815,โรงพยาบาลรัตนวาปี
28817,โรงพยาบาลหาดสำราญเฉลิมพระเกียรติ ๘๐ พรรษา
28823,โรงพยาบาลดอยหลวง
28829,รพ.สต.ท่าบ่อแบง
28843,รพ.ชื่นชม
28849,โรงพยาบาลวังสมบูรณ์
28850,โรงพยาบาลโคกสูง
28854,สถานพยาบาลอมตะเวชกรรม
28858,โรงพยาบาลบ้านคา
28861,รพช. หนองหิน
28866,ศูนย์บริการสาธารณสุขเทศบาลนครนนทบุรีที่ 6
28875,รพช. รพ.บางบัวทอง2
28894,รพ.สต.บัวเทิง หมู่ 04
28892,ศูนย์บริการสุขภาพแห่งจุฬาลงกรณ์มหาวิทยาลัย
29208,สำนักงานแพทย์ สำนักงานสนับสนุน สำนักงานปลัดกระทรวงกลาโหม
31156,โรงพยาบาลกรุงเทพขอนแก่น
31327,โรงพยาบาลคลองเขื่อน
31497,โรงพยาบาลทั่วไปขนาดเล็กบีเอ็มซี พลัส
34933,โรงพยาบาลกระบี่นครินทร์ อินเตอร์เนชั่นแนล
39977,โรงพยาบาลซีจีเอช ลำลูกกา
40491,โรงพยาบาลเฉลิมพระเกียรติ
40492,โรงพยาบาลพ่อท่านคล้ายวาจาสิทธิ์
40497,โรงพยาบาลกัลยาณิวัฒนาการุณย์
40532,โรงพยาบาลเกาะช้างอินเตอร์เนชั่นแนล โรงพยาบาลทั่วไปขนาดเล็ก
40540,โรงพยาบาลทั่วไปขนาดกลางกรุงเทพเชียงใหม่
40678,โรงพยาบาลสมิติเวช ชลบุรี
40743,รพช. พระพรหม
40742,โรงพยาบาลนบพิตำ
40741,โรงพยาบาลนครแม่สอด อินเตอร์เนชั่นแนล
40744,โรงพยาบาลภูซาง
40745,โรงพยาบาล ภูกามยาว
40749,โรงพยาบาลชุมตาบง
40750,โรงพยาบาลวิภาราม อมตะนคร
40757,โรงพยาบาลศรีระยองโรงพยาบาลทั่วไปขนาดกลาง
40765,โรงพยาบาลทั่วไปขนาดใหญ่เกษมราษฎร์ รัตนาธิเบศร์
40768,โรงพยาบาลทั่วไป ขนาดกลาง สมิติเวช ชลบุรี
40840,โรงพยาบาลวังยาง
40856,โรงพยาบาลสมิติเวชไชน่าทาวน์โรงพยาบาลทั่วไปขนาดกลาง
40856A,โรงพยาบาลสมิติเวชไชน่าทาวน์โรงพยาบาลทั่วไปขนาดกลาง (วัดไตรมิตร)
40864,พริ้นซ์ อุบลราชธานี โรงพยาบาลทั่วไปขนาดกลาง
40865,โรงพยาบาลทั่วไปขนาดเล็ก เอส วาย เอช
40887,โรงพยาบาลทั่วไปขนาดกลางเปาโล รังสิต
40917,วิภาราม สมุทรสาครโรงพยาบาลทั่วไปขนาดใหญ่
40922,ศูนย์การแพทย์มหิดลบำรุงรักษ์ จังหวัดนครสวรรค์
40970,โรงพยาบาลศูนย์การแพทย์มหาวิทยาลัยวลัยลักษณ์
40979,โรงพยาบาลทั่วไปขนาดกลางดีบุก
41072,โรงพยาบาลทั่วไปขนาดเล็กสหวิทยาการมะลิ
41075,โรงพยาบาลส่งเสริมสุขภาพตำบลบ้านภูเพ็ก
41092,รพ.สต. โรงพยาบาลส่งเสริมสุขภาพตำบลหนองจานพัฒนา
41103,ศูนย์วิทยาศาสตร์การแพทย์ที่ 11/1 ภูเก็ต
41124,ศูนย์เทคโนโลยีสารสนเทศและการสื่อสาร(ศทส) - หน่วยฉีดย่อย B
41313,สถาบันกัลยาณ์ราชนครินทร์
41326,โรงพยาบาลเชียงรายอินเตอร์โรงพยาบาลทั่วไปขนาดกลาง
41329,โรงพยาบาลเฉพาะประเภทผู้ป่วยสูงอายุ เฌ้อสเซอรี่โฮมขนาดเล็ก
41339,โรงพยาบาลกรุงเทพสุราษฎร์โรงพยาบาลทั่วไปขนาดกลาง
41342,โรงพยาบาลทั่วไปขนาดเล็กสิโรรส ปัตตานี
41345,โรงพยาบาลทั่วไปขนาดกลางจุฬารัตน์ 304อินเตอร์
41347,โรงพยาบาลมหาวิทยาลัยพะเยา
41351,โรงพยาบาลทั่วไปขนาดใหญ่สินแพทย์ เทพารักษ์
41362,โรงพยาบาลเฟิร์สเวสเทอร์นโรงพยาบาลทั่วไปขนาดกลาง
41367,โรงพยาบาลเดอะซีพลัสโรงพยาบาลทั่วไปขนาดเล็ก
41371,คลินิกเวชกรรม สจล
41373,โรงพยาบาลรามาธิบดีจักรีนฤบดินทร์
41379,โรงพยาบาลกรุงเทพระนองโรงพยาบาลทั่วไปขนาดเล็ก
41392,คลินิกเวชกรรม มหาวิทยาลัยรังสิต
41405,โรงพยาบาลเอเชียโรงพยาบาลทั่วไปขนาดเล็ก
41413,รพ.บางปะกอกสมุทรปราการ
41414,โรงพยาบาลทหารอากาศ (สีกัน) พอ.
41417,โรงพยาบาลเกษมราษฎร์ แม่สาย โรงพยาบาลทั่วไปขนาดเล็ก
41429,โรงพยาบาลจิตเวชพิษณุโลก
41436,โรงพยาบาลฉลอง
41509,โรงพยาบาลศูนย์การแพทย์มหาวิทยาลัยแม่ฟ้าหลวง
41510,โรงพยาบาลเบตง
41511,สถานพยาบาลมหาวิทยาลัยเกษตรศาสตร์
41519,โรงพยาบาลเมาน์เท่นวิวโรงพยาบาลเฉพาะประเภทผู้ป่วยบำบัดยาเสพติดขนาดเล็ก
41522,โรงพยาบาลคลองสามวา
41556,โรงพยาบาลเกษมราษฎร์ รามคำแหงโรงพยาบาลทั่วไปขนาดใหญ่
41569,รวมแพทย์ฉะเชิงเทราโรงพยาบาลทั่วไปขนาดกลาง
41573,โรงพยาบาลราชพฤกษ์ ขอนแก่น โรงพยาบาลทั่วไปขนาดใหญ่
41574,โรงพยาบาลทั่วไปขนาดกลางกรุงเทพเชียงราย
41577,โรงพยาบาลธนบุรี บำรุงเมือง โรงพยาบาลทั่วไปขนาดกลาง
41580,โรงพยาบาลบุญญาเวช โรงพยาบาลทั่วไปขนาดเล็ก
41582,โรงพยาบาลบางนา กรุงเทพมหานคร
41589,โรงพยาบาลทั่วไปขนาดเล็ก เมดิแคร์ 304
41590,โรงพยาบาลวัฒนแพทย์ อ่าวนาง โรงพยาบาลทั่วไปขนาดกลาง
41602,โรงพยาบาลทั่วไปขนาดใหญ่ ป.แพทย์ ๒
41622,โรงพยาบาลพิษณุเวช อุตรดิตถ์ โรงพยาบาลทั่วไปขนาดกลาง
41632,ปิยะเวชช์ ระยองโรงพยาบาลทั่วไปขนาดเล็ก
41633,โรงพยาบาลทั่วไปขนาดเล็กพะงันอินเตอร์เนชั่นแนล
41639,โรงพยาบาลกาฬสินธุ์-ธนบุรี โรงพยาบาลทั่วไปขนาดกลาง
41670,สิรินาถ บึงกุ่ม โรงพยาบาลทั่วไปขนาดกลาง
41674,โรงพยาบาลเฉพาะทางมะเร็งชีวามิตราขนาดเล็ก
41685,โรงพยาบาลกรุงไทย ปทุม โรงพยาบาลทั่วไปขนาดเล็ก
41695,โรงพยาบาลนิรันดร์การแพทย์ โรงพยาบาลทั่วไปขนาดเล็ก
41698,โรงพยาบาลทั่วไปขนาดใหญ่ สินแพทย์ ลำลูกกา
41700,โรงพยาบาลทั่วไปขนาดใหญ่ สินแพทย์ ศรีนครินทร์
41701,โรงพยาบาลหนองปรือ
41711,โรงพยาบาลเฉพาะทางมะเร็งขนาดเล็กแคนเซอร์อลิอันซ์ ศรีราชา
41714,โรงพยาบาลธนบุรี ทุ่งสง โรงพยาบาลทั่วไปขนาดกลาง
41712,มิตรไมตรีคลินิกเวชกรรม(พระประแดง)
41722,โรงพยาบาลพริ้นซ์ อุทัยธานี โรงพยาบาลทั่วไปขนาดกลาง
41723,โรงพยาบาลส่งเสริมสุขภาพตำบล โนนพุทรา
41730,โรงพยาบาลเฉพาะทางมะเร็ง วิภารามอมตะนครขนาดเล็ก
41760,โรงพยาบาลแพทย์รังสิต 2 โรงพยาบาลทั่วไปขนาดกลาง
41736,โรงพยาบาลทั่วไปขนาดเล็กลานนา 2
41767,บี บี เอชโรงพยาบาลผู้ป่วยเรื้อรังขนาดเล็ก
41768,โรงพยาบาลศูนย์บริการการแพทย์นนทบุรี
41786,โรงพยาบาลเฉพาะประเภทผู้สูงอายุขนาดกลาง ซีเอชจี ฮอทพิทอล
41805,เนชั่นแนลเฮลท์แคร์ซิสเท็มส์คลินิกเทคนิคการแพทย์สาขาหาดใหญ่
41829,โรงพยาบาลเกษมราษฎร์ อินเตอร์เนชั่นแนล อรัญประเทศ โรงพยาบาลทั่วไปขนาดกลาง
41859,โรงพยาบาลจอมเทียน โรงพยาบาลทั่วไปขนาดเล็ก
41861,โรงพยาบาลเอสโรงพยาบาลเฉพาะทางด้านกระดูกสันหลังและระบบประสาทขนาดเล็ก
41865,โรงพยาบาลผู้ป่วยเรื้อรังภัสรพิบาลเนอสซิ่งโฮมขนาดเล็ก
41894,โรงพยาบาลศิรินโรงพยาบาลเฉพาะผู้ป่วยเรื้อรังขนาดเล็ก
41901,โรงพยาบาลเมดพาร์ค โรงพยาบาลทั่วไปขนาดใหญ่
41901M,โรงพยาบาลเมดพาร์ค โรงพยาบาลทั่วไปขนาดใหญ่ AIA Corporate
41922,โรงพยาบาลทั่วไปขนาดเล็กพานาซีพระราม 2
41937,โรงพยาบาลชีวา ทรานสิชั่นนัล แคร์ โรงพยาบาลเฉพาะประเภทผู้ป่วยเรื้อรังขนาดกลาง
41929,โรงพยาบาลกรุงเทพอินเตอร์เนชั่นแนล โรงพยาบาลเฉพาะทางขนาดใหญ่ ด้านสมองและกระดูก
41960,โรงพยาบาลนมะรักษ์ เฉพาะทางศัลยศาสตร์มะเร็ง ขนาดเล็ก
42015,โรงพยาบาลทั่วไปขนาดกลางลำพูนใกล้หมอ
42022,โรงพยาบาลเฉพาะทางจักษุวิทยาขนาดเล็ก จักษุสุราษฎร์
42025,โรงพยาบาลเกษมราษฎร์ ปราจีนบุรี โรงพยาบาลทั่วไปขนาดใหญ่
42046,โรงพยาบาลอินเตอร์กำแพงแสน โรงพยาบาลทั่วไปขนาดเล็ก
42128,โรงพยาบาลมายด์เมดเวชกรรมเฉพาะทางจิตเวชขนาดเล็ก
42141,โรงพยาบาลทั่วไปขนาดกลางนวเวช
42158,โรงพยาบาลกายภาพบำบัดขนาดเล็ก ด๊อกเตอร์ เฮลท์ อินเตอร์เนชั่นแนล
42167,โรงพยาบาลวิมุต
42167A,โรงพยาบาลวิมุต โรงพยาบาลทั่วไปขนาดใหญ่ ศูนย์ฉีดรพ.วิมุต(ชาวต่างชาติ)
42170,โรงพยาบาลทันตกรรม กรุงเทพ อินเตอร์เนชั่นแนล ขนาดเล็ก
42177,โรงพยาบาลซีเมดลีฟวิ่งแคร์ โรงพยาบาลทั่วไปขนาดเล็ก
42183,โรงพยาบาลอินทรารัตน์โรงพยาบาลทั่วไปขนาดกลาง
42186,พริ้นซ์ ลำพูนโรงพยาบาลทั่วไปขนาดกลาง
42191,โรงพยาบาลเฉพาะประเภทผู้ป่วย ผู้สูงอายุ ขนาดกลาง ธนบุรีบูรณา
42197,โรงพยาบาลทั่วไปขนาดเล็กลาดพร้าวเวชกรรม
42199,พริ้นซ์ ศรีสะเกษโรงพยาบาลทั่วไปขนาดกลาง
42202,โรงพยาบาลทั่วไปขนาดเล็กเปาโล โชคชัย
42205,โรงพยาบาลเฉพาะทางศัลยกรรมตกแต่งและทันตกรรมขนาดเล็ก เอสแอลซี
42207,โรงพยาบาลมาสเตอร์พีชโรงพยาบาลศัลยกรรมตกแต่งขนาดเล็ก
42217,โรงพยาบาลเฉพาะทางศัลยกรรมตกแต่งขนาดเล็ก มิลาด้า
42220,โรงพยาบาลผู้ป่วยเรื้อรังขนาดเล็ก พิม
42223,ศูนย์วัคซีนและตรวจสุขภาพบางรัก (Bangrak Vaccination and Health Center)
42224,โรงพยาบาลฟันขนาดเล็ก
42233,โรงพยาบาลเอเชียอินเตอร์เนชั่นแนล โรงพยาบาลทั่วไปขนาดกลาง
42244,โรงพยาบาลทั่วไปขนาดเล็ก เอ็ม ที อินเตอร์เมด
42251,ศูนย์เชี่ยวชาญเฉพาะทางด้านไวรัสวิทยาคลินิก
42272,กลุ่มงานบริการสุขภาพและอนามัย ม.พระจอมเกล้าธนบุรี
42281,มหาวิทยาลัยราชภัฏธนบุรี
42304, บีอาร์เอ็กซ์จี สหคลินิก
42306,โรงพยาบาลกองบิน กองบิน 3
77611,โรงพยาบาลยะลาสิริรัตนรักษ์
77649,โรงพยาบาลหนองนาคำ
77650,โรงพยาบาลเวียงเก่า
77651,โรงพยาบาลโคกโพธิ์ไชย
77652,โรงพยาบาลโนนศิลา
77684,นิบงบารู หมู่ที่ 07
77752,โรงพยาบาลวชิระภูเก็ต สาขา หยี่เต้ง VACHIRA EXPRESS
77753,โรงพยาบาลเกาะพีพี
77769,ศูนย์สุขภาพชุมชนเมืองอำนาจเจริญ
88888,โรงพยาบาลทดสอบ
99788,ศูนย์บริการสาธารณสุขพุทธบูชา (สสจ.พิษณุโลก)
99999,โรงพยาบาลทดสอบ
99999A,bms ทดสอบ ทดสอบระบบ BMS สาขาบางปะกอก
99999B,bms ทดสอบ ทดสอบระบบ BMS สาขาบางมด
99999C,bms ทดสอบ ทดสอบระบบ BMS สาขาทุ่งครุ
BMS01,โรงพยาบาลทดสอบ BMS
xxxxx,yyyy zzzzz www
